name,command,numeber_of_execution,buildable,category,dockerfile_loc,from,label,env,run,volume,copy,entrypoint,cmd,workdir,user,expose,maintainer,arg,stopsignal,add,shell,total_instructions,from_cmds,label_cmds,env_cmds,run_cmds,volume_cmds,copy_cmds,entrypoint_cmds,cmd_cmds,workdir_cmds,user_cmds,expose_cmds,maintainer_cmds,arg_cmds,stopsignal_cmds,add_cmds,shell_cmds,total_cmds,cpp,java,ansic,pascal,javascript,python,cs,ruby,php,earlang,perl,sh,xml,yacc,ml,lisp,lex,asm,f90,awk,obj,tcl,sed,total_loc,apt-get,cURL,wget,yum,gitclone,npm,resource1,resource2,resource3,resource4,tot_kbs,tot_cmd_network,bitrate,average_time
ahawkins_docker-thrift,docker build -t ahawkins_docker-thrift ahawkins_docker-thrift0.12.,10,true,application_platform,41,1,0,1,1,0,0,0,1,0,0,0,0,0,0,0,0,4,1,0,1,36,0,0,0,1,0,0,0,0,0,0,0,0,39,970705,19852,18693,14438,9454,9431,9202,8381,6962,6408,3413,1497,1021,1010,962,649,336,0,0,0,0,0,0,1082414,2,1,0,0,0,0,16076.8,0,0,0,16076.8,3,2390,658
apache_couchdb-docker,docker build -t apache_couchdb-docker apache_couchdb-docker3.0.0.,10,true,database,140,1,1,4,7,1,3,1,1,0,0,1,0,0,0,0,0,20,1,1,4,81,1,3,3,1,0,0,3,0,0,0,0,0,98,0,0,619,0,0,457,0,0,0,0,64,1090,0,0,0,0,0,0,0,0,0,0,0,2230,6,0,4,0,0,0,85.8,0.8,56.6,0.55,143.75,10,2390,406
appropriate_docker-jetty,docker build -t /repositories/appropriate_docker-jetty/9.4-jdk13,10,true,web_component,85,1,0,7,1,0,1,1,1,1,1,1,0,0,0,0,0,15,1,0,7,36,0,1,1,3,1,1,1,0,0,0,0,0,52,0,0,0,0,0,0,0,0,0,0,0,215,1399,0,0,0,0,0,0,0,0,0,0,1614,0,2,0,0,0,0,99523.2,0,0,0,99523.2,2,2390,729
backdrop-ops_backdrop-docker,docker build -t backdrop-ops_backdrop-docker backdrop-ops_backdrop-docker1apache.,10,true,application_platform,28,1,0,2,3,0,1,1,1,1,0,0,0,0,0,0,0,10,1,0,2,12,0,2,1,1,1,0,0,0,0,0,0,0,20,0,0,0,83572,14246,0,0,0,17986,0,64,1973,463,0,0,0,0,0,0,0,0,0,0,118304,2,1,0,0,0,0,32665.6,0,0,0,32665.6,3,2390,309
c0b_docker-elixir,docker build -t c0b_docker-elixir c0b_docker-elixir1.2.,10,true,language,24,1,0,1,1,0,0,0,1,0,0,0,0,0,0,0,0,4,1,0,2,15,0,0,0,1,0,0,0,0,0,0,0,0,19,0,0,0,0,0,0,0,0,0,9464,64,604,0,0,0,0,0,0,0,0,0,0,0,10132,2,1,0,0,0,0,3174.4,0,0,0,3174.4,3,2390,1070
carlossg_docker-maven,docker build -t carlossg_docker-maven carlossg_docker-mavenamazoncorretto-8.,10,true,other,27,1,0,3,2,0,2,1,1,0,0,0,0,4,0,0,0,14,1,0,3,8,0,2,1,1,0,0,0,0,4,0,0,0,20,0,6,0,0,0,0,0,0,0,0,0,198,35,0,0,0,0,0,0,0,0,0,0,239,0,1,0,0,0,0,9318.4,0,0,0,9318.4,1,2390,185
composer_docker,docker build -t composer_docker composer_docker1.9.,10,true,other,64,1,0,3,4,0,1,1,1,1,0,0,0,0,0,0,0,12,1,0,3,39,1,2,2,1,1,0,0,0,0,0,0,0,50,0,0,0,0,0,0,0,0,4175,0,0,78,0,0,0,0,0,0,0,0,0,0,0,4253,0,1,0,0,0,0,258,0,0,0,258,1,2390,373
containous_traefik-library-image,docker build -t containous_traefik-library-image traefik-library-imagealpine.,10,true,web_component,26,1,1,0,2,0,1,1,1,0,0,1,0,0,0,0,0,8,1,6,0,14,0,1,1,1,0,0,1,0,0,0,0,0,25,0,0,0,0,2254,0,0,0,0,0,64,695,0,0,0,0,0,0,0,0,0,0,0,3013,0,0,1,0,0,0,13516.8,0,0,0,13516.8,1,2390,106
cpuguy83_docker-jruby,docker build -t cpuguy83_docker-jruby cpuguy83_docker-jruby9000jdk.,10,true,language,35,1,0,6,5,0,0,0,1,0,0,0,0,0,0,0,0,13,1,0,0,4,0,2,0,8,1,0,1,1,0,0,0,0,18,0,256465,5113,0,0,0,0,540452,0,0,0,992,30437,4843,0,0,0,0,0,0,0,40,0,838342,2,1,0,0,0,0,24985.6,0,0,0,24985.6,3,2390,441
crate_docker-crate,docker build -t crate_docker-crate crate_docker-crate.,10,true,database,84,1,1,3,6,1,5,1,1,1,0,1,0,0,0,0,0,21,1,0,11,15,0,0,0,1,0,0,0,0,0,0,0,0,28,0,0,0,0,0,377,0,0,0,0,0,26,0,0,0,0,0,0,0,0,0,0,0,403,0,5,0,0,0,0,191488,55091.2,1331.2,0,247910.4,5,2390,908
docker-flink_docker-flink,docker build -t docker-flink_docker-flink docker-flink_docker-flink1.9scala_2.12-debian.,10,true,web_component,89,1,0,6,4,0,1,1,1,1,0,1,0,0,0,0,0,16,1,8,3,32,1,5,1,1,1,0,3,0,0,0,0,0,56,0,0,0,0,0,0,0,0,0,0,64,924,0,0,0,0,0,0,0,0,0,0,0,988,2,0,4,0,0,0,240640,52,0,0,240692,6,2390,976
docker-library_buildpack-deps,docker build -t docker-library_buildpack-deps docker-library_buildpack-depsbionic.,10,true,other,57,1,0,0,1,0,0,0,0,0,0,0,0,0,0,0,0,2,1,0,0,2,1,3,1,1,0,0,1,0,0,0,0,0,10,0,0,0,0,0,0,0,0,0,0,0,130,0,0,0,0,0,0,0,0,0,0,0,130,2,0,0,0,0,0,0,0,0,0,0,2,2390,189
docker-library_drupal,docker build -t docker-library_drupal docker-library_drupal7apache.,10,true,application_platform,74,1,0,2,3,0,0,0,0,1,0,0,0,0,0,0,0,7,1,0,2,47,0,0,0,0,1,0,0,0,0,0,0,0,51,0,0,0,38595,5184,0,0,0,42762,0,0,1559,441,0,0,0,0,0,0,0,0,0,0,88541,2,1,0,0,0,0,3276.8,0,0,0,3276.8,3,2390,440
docker-library_golang,docker build -t docker-library_golang docker-library_golang1.13alpine3.11,10,true,language,64,1,0,2,2,0,1,0,0,1,2,0,0,0,0,0,1,10,1,0,2,47,0,0,0,0,1,0,0,0,0,0,0,0,51,39,0,6356,0,714,357,0,0,0,0,1159,2141,623,0,0,0,0,104641,8,7,4,0,0,116049,0,0,1,0,0,0,21196.8,0,0,0,21196.8,1,2390,753
ahawkins_docker-thrift,docker build -t ahawkins_docker-thrift ahawkins_docker-thrift0.12.,10,true,application_platform,41,1,0,1,1,0,0,0,1,0,0,0,0,0,0,0,0,4,1,0,1,36,0,0,0,1,0,0,0,0,0,0,0,0,39,970705,19852,18693,14438,9454,9431,9202,8381,6962,6408,3413,1497,1021,1010,962,649,336,0,0,0,0,0,0,1082414,2,1,0,0,0,0,16076.8,0,0,0,16076.8,3,2390,715
apache_couchdb-docker,docker build -t apache_couchdb-docker apache_couchdb-docker3.0.0.,10,true,database,140,1,1,4,7,1,3,1,1,0,0,1,0,0,0,0,0,20,1,1,4,81,1,3,3,1,0,0,3,0,0,0,0,0,98,0,0,619,0,0,457,0,0,0,0,64,1090,0,0,0,0,0,0,0,0,0,0,0,2230,6,0,4,0,0,0,85.8,0.8,56.6,0.55,143.75,10,2390,424
appropriate_docker-jetty,docker build -t /repositories/appropriate_docker-jetty/9.4-jdk13,10,true,web_component,85,1,0,7,1,0,1,1,1,1,1,1,0,0,0,0,0,15,1,0,7,36,0,1,1,3,1,1,1,0,0,0,0,0,52,0,0,0,0,0,0,0,0,0,0,0,215,1399,0,0,0,0,0,0,0,0,0,0,1614,0,2,0,0,0,0,99523.2,0,0,0,99523.2,2,2390,667
backdrop-ops_backdrop-docker,docker build -t backdrop-ops_backdrop-docker backdrop-ops_backdrop-docker1apache.,10,true,application_platform,28,1,0,2,3,0,1,1,1,1,0,0,0,0,0,0,0,10,1,0,2,12,0,2,1,1,1,0,0,0,0,0,0,0,20,0,0,0,83572,14246,0,0,0,17986,0,64,1973,463,0,0,0,0,0,0,0,0,0,0,118304,2,1,0,0,0,0,32665.6,0,0,0,32665.6,3,2390,494
c0b_docker-elixir,docker build -t c0b_docker-elixir c0b_docker-elixir1.2.,10,true,language,24,1,0,1,1,0,0,0,1,0,0,0,0,0,0,0,0,4,1,0,2,15,0,0,0,1,0,0,0,0,0,0,0,0,19,0,0,0,0,0,0,0,0,0,9464,64,604,0,0,0,0,0,0,0,0,0,0,0,10132,2,1,0,0,0,0,3174.4,0,0,0,3174.4,3,2390,1467
carlossg_docker-maven,docker build -t carlossg_docker-maven carlossg_docker-mavenamazoncorretto-8.,10,true,other,27,1,0,3,2,0,2,1,1,0,0,0,0,4,0,0,0,14,1,0,3,8,0,2,1,1,0,0,0,0,4,0,0,0,20,0,6,0,0,0,0,0,0,0,0,0,198,35,0,0,0,0,0,0,0,0,0,0,239,0,1,0,0,0,0,9318.4,0,0,0,9318.4,1,2390,587
composer_docker,docker build -t composer_docker composer_docker1.9.,10,true,other,64,1,0,3,4,0,1,1,1,1,0,0,0,0,0,0,0,12,1,0,3,39,1,2,2,1,1,0,0,0,0,0,0,0,50,0,0,0,0,0,0,0,0,4175,0,0,78,0,0,0,0,0,0,0,0,0,0,0,4253,0,1,0,0,0,0,258,0,0,0,258,1,2390,384
containous_traefik-library-image,docker build -t containous_traefik-library-image traefik-library-imagealpine.,10,true,web_component,26,1,1,0,2,0,1,1,1,0,0,1,0,0,0,0,0,8,1,6,0,14,0,1,1,1,0,0,1,0,0,0,0,0,25,0,0,0,0,2254,0,0,0,0,0,64,695,0,0,0,0,0,0,0,0,0,0,0,3013,0,0,1,0,0,0,13516.8,0,0,0,13516.8,1,2390,116
cpuguy83_docker-jruby,docker build -t cpuguy83_docker-jruby cpuguy83_docker-jruby9000jdk.,10,true,language,35,1,0,6,5,0,0,0,1,0,0,0,0,0,0,0,0,13,1,0,0,4,0,2,0,8,1,0,1,1,0,0,0,0,18,0,256465,5113,0,0,0,0,540452,0,0,0,992,30437,4843,0,0,0,0,0,0,0,40,0,838342,2,1,0,0,0,0,24985.6,0,0,0,24985.6,3,2390,520
crate_docker-crate,docker build -t crate_docker-crate crate_docker-crate.,10,true,database,84,1,1,3,6,1,5,1,1,1,0,1,0,0,0,0,0,21,1,0,11,15,0,0,0,1,0,0,0,0,0,0,0,0,28,0,0,0,0,0,377,0,0,0,0,0,26,0,0,0,0,0,0,0,0,0,0,0,403,0,5,0,0,0,0,191488,55091.2,1331.2,0,247910.4,5,2390,927
docker-flink_docker-flink,docker build -t docker-flink_docker-flink docker-flink_docker-flink1.9scala_2.12-debian.,10,true,web_component,89,1,0,6,4,0,1,1,1,1,0,1,0,0,0,0,0,16,1,8,3,32,1,5,1,1,1,0,3,0,0,0,0,0,56,0,0,0,0,0,0,0,0,0,0,64,924,0,0,0,0,0,0,0,0,0,0,0,988,2,0,4,0,0,0,240640,52,0,0,240692,6,2390,1184
docker-library_buildpack-deps,docker build -t docker-library_buildpack-deps docker-library_buildpack-depsbionic.,10,true,other,57,1,0,0,1,0,0,0,0,0,0,0,0,0,0,0,0,2,1,0,0,2,1,3,1,1,0,0,1,0,0,0,0,0,10,0,0,0,0,0,0,0,0,0,0,0,130,0,0,0,0,0,0,0,0,0,0,0,130,2,0,0,0,0,0,0,0,0,0,0,2,2390,262
docker-library_drupal,docker build -t docker-library_drupal docker-library_drupal7apache.,10,true,application_platform,74,1,0,2,3,0,0,0,0,1,0,0,0,0,0,0,0,7,1,0,2,47,0,0,0,0,1,0,0,0,0,0,0,0,51,0,0,0,38595,5184,0,0,0,42762,0,0,1559,441,0,0,0,0,0,0,0,0,0,0,88541,2,1,0,0,0,0,3276.8,0,0,0,3276.8,3,2390,470
docker-library_golang,docker build -t docker-library_golang docker-library_golang1.13alpine3.11,10,true,language,64,1,0,2,2,0,1,0,0,1,2,0,0,0,0,0,1,10,1,0,2,47,0,0,0,0,1,0,0,0,0,0,0,0,51,39,0,6356,0,714,357,0,0,0,0,1159,2141,623,0,0,0,0,104641,8,7,4,0,0,116049,0,0,1,0,0,0,21196.8,0,0,0,21196.8,1,2390,780
ahawkins_docker-thrift,docker build -t ahawkins_docker-thrift ahawkins_docker-thrift0.12.,10,true,application_platform,41,1,0,1,1,0,0,0,1,0,0,0,0,0,0,0,0,4,1,0,1,36,0,0,0,1,0,0,0,0,0,0,0,0,39,970705,19852,18693,14438,9454,9431,9202,8381,6962,6408,3413,1497,1021,1010,962,649,336,0,0,0,0,0,0,1082414,2,1,0,0,0,0,16076.8,0,0,0,16076.8,3,2390,788
apache_couchdb-docker,docker build -t apache_couchdb-docker apache_couchdb-docker3.0.0.,10,true,database,140,1,1,4,7,1,3,1,1,0,0,1,0,0,0,0,0,20,1,1,4,81,1,3,3,1,0,0,3,0,0,0,0,0,98,0,0,619,0,0,457,0,0,0,0,64,1090,0,0,0,0,0,0,0,0,0,0,0,2230,6,0,4,0,0,0,85.8,0.8,56.6,0.55,143.75,10,2390,220
appropriate_docker-jetty,docker build -t /repositories/appropriate_docker-jetty/9.4-jdk13,10,true,web_component,85,1,0,7,1,0,1,1,1,1,1,1,0,0,0,0,0,15,1,0,7,36,0,1,1,3,1,1,1,0,0,0,0,0,52,0,0,0,0,0,0,0,0,0,0,0,215,1399,0,0,0,0,0,0,0,0,0,0,1614,0,2,0,0,0,0,99523.2,0,0,0,99523.2,2,2390,683
backdrop-ops_backdrop-docker,docker build -t backdrop-ops_backdrop-docker backdrop-ops_backdrop-docker1apache.,10,true,application_platform,28,1,0,2,3,0,1,1,1,1,0,0,0,0,0,0,0,10,1,0,2,12,0,2,1,1,1,0,0,0,0,0,0,0,20,0,0,0,83572,14246,0,0,0,17986,0,64,1973,463,0,0,0,0,0,0,0,0,0,0,118304,2,1,0,0,0,0,32665.6,0,0,0,32665.6,3,2390,525
c0b_docker-elixir,docker build -t c0b_docker-elixir c0b_docker-elixir1.2.,10,true,language,24,1,0,1,1,0,0,0,1,0,0,0,0,0,0,0,0,4,1,0,2,15,0,0,0,1,0,0,0,0,0,0,0,0,19,0,0,0,0,0,0,0,0,0,9464,64,604,0,0,0,0,0,0,0,0,0,0,0,10132,2,1,0,0,0,0,3174.4,0,0,0,3174.4,3,2390,983
carlossg_docker-maven,docker build -t carlossg_docker-maven carlossg_docker-mavenamazoncorretto-8.,10,true,other,27,1,0,3,2,0,2,1,1,0,0,0,0,4,0,0,0,14,1,0,3,8,0,2,1,1,0,0,0,0,4,0,0,0,20,0,6,0,0,0,0,0,0,0,0,0,198,35,0,0,0,0,0,0,0,0,0,0,239,0,1,0,0,0,0,9318.4,0,0,0,9318.4,1,2390,594
composer_docker,docker build -t composer_docker composer_docker1.9.,10,true,other,64,1,0,3,4,0,1,1,1,1,0,0,0,0,0,0,0,12,1,0,3,39,1,2,2,1,1,0,0,0,0,0,0,0,50,0,0,0,0,0,0,0,0,4175,0,0,78,0,0,0,0,0,0,0,0,0,0,0,4253,0,1,0,0,0,0,258,0,0,0,258,1,2390,493
containous_traefik-library-image,docker build -t containous_traefik-library-image traefik-library-imagealpine.,10,true,web_component,26,1,1,0,2,0,1,1,1,0,0,1,0,0,0,0,0,8,1,6,0,14,0,1,1,1,0,0,1,0,0,0,0,0,25,0,0,0,0,2254,0,0,0,0,0,64,695,0,0,0,0,0,0,0,0,0,0,0,3013,0,0,1,0,0,0,13516.8,0,0,0,13516.8,1,2390,120
cpuguy83_docker-jruby,docker build -t cpuguy83_docker-jruby cpuguy83_docker-jruby9000jdk.,10,true,language,35,1,0,6,5,0,0,0,1,0,0,0,0,0,0,0,0,13,1,0,0,4,0,2,0,8,1,0,1,1,0,0,0,0,18,0,256465,5113,0,0,0,0,540452,0,0,0,992,30437,4843,0,0,0,0,0,0,0,40,0,838342,2,1,0,0,0,0,24985.6,0,0,0,24985.6,3,2390,510
crate_docker-crate,docker build -t crate_docker-crate crate_docker-crate.,10,true,database,84,1,1,3,6,1,5,1,1,1,0,1,0,0,0,0,0,21,1,0,11,15,0,0,0,1,0,0,0,0,0,0,0,0,28,0,0,0,0,0,377,0,0,0,0,0,26,0,0,0,0,0,0,0,0,0,0,0,403,0,5,0,0,0,0,191488,55091.2,1331.2,0,247910.4,5,2390,798
docker-flink_docker-flink,docker build -t docker-flink_docker-flink docker-flink_docker-flink1.9scala_2.12-debian.,10,true,web_component,89,1,0,6,4,0,1,1,1,1,0,1,0,0,0,0,0,16,1,8,3,32,1,5,1,1,1,0,3,0,0,0,0,0,56,0,0,0,0,0,0,0,0,0,0,64,924,0,0,0,0,0,0,0,0,0,0,0,988,2,0,4,0,0,0,240640,52,0,0,240692,6,2390,1079
docker-library_buildpack-deps,docker build -t docker-library_buildpack-deps docker-library_buildpack-depsbionic.,10,true,other,57,1,0,0,1,0,0,0,0,0,0,0,0,0,0,0,0,2,1,0,0,2,1,3,1,1,0,0,1,0,0,0,0,0,10,0,0,0,0,0,0,0,0,0,0,0,130,0,0,0,0,0,0,0,0,0,0,0,130,2,0,0,0,0,0,0,0,0,0,0,2,2390,261
docker-library_drupal,docker build -t docker-library_drupal docker-library_drupal7apache.,10,true,application_platform,74,1,0,2,3,0,0,0,0,1,0,0,0,0,0,0,0,7,1,0,2,47,0,0,0,0,1,0,0,0,0,0,0,0,51,0,0,0,38595,5184,0,0,0,42762,0,0,1559,441,0,0,0,0,0,0,0,0,0,0,88541,2,1,0,0,0,0,3276.8,0,0,0,3276.8,3,2390,400
docker-library_golang,docker build -t docker-library_golang docker-library_golang1.13alpine3.11,10,true,language,64,1,0,2,2,0,1,0,0,1,2,0,0,0,0,0,1,10,1,0,2,47,0,0,0,0,1,0,0,0,0,0,0,0,51,39,0,6356,0,714,357,0,0,0,0,1159,2141,623,0,0,0,0,104641,8,7,4,0,0,116049,0,0,1,0,0,0,21196.8,0,0,0,21196.8,1,2390,760
ahawkins_docker-thrift,docker build -t ahawkins_docker-thrift ahawkins_docker-thrift0.12.,10,true,application_platform,41,1,0,1,1,0,0,0,1,0,0,0,0,0,0,0,0,4,1,0,1,36,0,0,0,1,0,0,0,0,0,0,0,0,39,970705,19852,18693,14438,9454,9431,9202,8381,6962,6408,3413,1497,1021,1010,962,649,336,0,0,0,0,0,0,1082414,2,1,0,0,0,0,16076.8,0,0,0,16076.8,3,2390,615
apache_couchdb-docker,docker build -t apache_couchdb-docker apache_couchdb-docker3.0.0.,10,true,database,140,1,1,4,7,1,3,1,1,0,0,1,0,0,0,0,0,20,1,1,4,81,1,3,3,1,0,0,3,0,0,0,0,0,98,0,0,619,0,0,457,0,0,0,0,64,1090,0,0,0,0,0,0,0,0,0,0,0,2230,6,0,4,0,0,0,85.8,0.8,56.6,0.55,143.75,10,2390,326
appropriate_docker-jetty,docker build -t /repositories/appropriate_docker-jetty/9.4-jdk13,10,true,web_component,85,1,0,7,1,0,1,1,1,1,1,1,0,0,0,0,0,15,1,0,7,36,0,1,1,3,1,1,1,0,0,0,0,0,52,0,0,0,0,0,0,0,0,0,0,0,215,1399,0,0,0,0,0,0,0,0,0,0,1614,0,2,0,0,0,0,99523.2,0,0,0,99523.2,2,2390,586
backdrop-ops_backdrop-docker,docker build -t backdrop-ops_backdrop-docker backdrop-ops_backdrop-docker1apache.,10,true,application_platform,28,1,0,2,3,0,1,1,1,1,0,0,0,0,0,0,0,10,1,0,2,12,0,2,1,1,1,0,0,0,0,0,0,0,20,0,0,0,83572,14246,0,0,0,17986,0,64,1973,463,0,0,0,0,0,0,0,0,0,0,118304,2,1,0,0,0,0,32665.6,0,0,0,32665.6,3,2390,272
c0b_docker-elixir,docker build -t c0b_docker-elixir c0b_docker-elixir1.2.,10,true,language,24,1,0,1,1,0,0,0,1,0,0,0,0,0,0,0,0,4,1,0,2,15,0,0,0,1,0,0,0,0,0,0,0,0,19,0,0,0,0,0,0,0,0,0,9464,64,604,0,0,0,0,0,0,0,0,0,0,0,10132,2,1,0,0,0,0,3174.4,0,0,0,3174.4,3,2390,793
carlossg_docker-maven,docker build -t carlossg_docker-maven carlossg_docker-mavenamazoncorretto-8.,10,true,other,27,1,0,3,2,0,2,1,1,0,0,0,0,4,0,0,0,14,1,0,3,8,0,2,1,1,0,0,0,0,4,0,0,0,20,0,6,0,0,0,0,0,0,0,0,0,198,35,0,0,0,0,0,0,0,0,0,0,239,0,1,0,0,0,0,9318.4,0,0,0,9318.4,1,2390,447
composer_docker,docker build -t composer_docker composer_docker1.9.,10,true,other,64,1,0,3,4,0,1,1,1,1,0,0,0,0,0,0,0,12,1,0,3,39,1,2,2,1,1,0,0,0,0,0,0,0,50,0,0,0,0,0,0,0,0,4175,0,0,78,0,0,0,0,0,0,0,0,0,0,0,4253,0,1,0,0,0,0,258,0,0,0,258,1,2390,288
containous_traefik-library-image,docker build -t containous_traefik-library-image traefik-library-imagealpine.,10,true,web_component,26,1,1,0,2,0,1,1,1,0,0,1,0,0,0,0,0,8,1,6,0,14,0,1,1,1,0,0,1,0,0,0,0,0,25,0,0,0,0,2254,0,0,0,0,0,64,695,0,0,0,0,0,0,0,0,0,0,0,3013,0,0,1,0,0,0,13516.8,0,0,0,13516.8,1,2390,74
cpuguy83_docker-jruby,docker build -t cpuguy83_docker-jruby cpuguy83_docker-jruby9000jdk.,10,true,language,35,1,0,6,5,0,0,0,1,0,0,0,0,0,0,0,0,13,1,0,0,4,0,2,0,8,1,0,1,1,0,0,0,0,18,0,256465,5113,0,0,0,0,540452,0,0,0,992,30437,4843,0,0,0,0,0,0,0,40,0,838342,2,1,0,0,0,0,24985.6,0,0,0,24985.6,3,2390,351
crate_docker-crate,docker build -t crate_docker-crate crate_docker-crate.,10,true,database,84,1,1,3,6,1,5,1,1,1,0,1,0,0,0,0,0,21,1,0,11,15,0,0,0,1,0,0,0,0,0,0,0,0,28,0,0,0,0,0,377,0,0,0,0,0,26,0,0,0,0,0,0,0,0,0,0,0,403,0,5,0,0,0,0,191488,55091.2,1331.2,0,247910.4,5,2390,639
docker-flink_docker-flink,docker build -t docker-flink_docker-flink docker-flink_docker-flink1.9scala_2.12-debian.,10,true,web_component,89,1,0,6,4,0,1,1,1,1,0,1,0,0,0,0,0,16,1,8,3,32,1,5,1,1,1,0,3,0,0,0,0,0,56,0,0,0,0,0,0,0,0,0,0,64,924,0,0,0,0,0,0,0,0,0,0,0,988,2,0,4,0,0,0,240640,52,0,0,240692,6,2390,717
docker-library_buildpack-deps,docker build -t docker-library_buildpack-deps docker-library_buildpack-depsbionic.,10,true,other,57,1,0,0,1,0,0,0,0,0,0,0,0,0,0,0,0,2,1,0,0,2,1,3,1,1,0,0,1,0,0,0,0,0,10,0,0,0,0,0,0,0,0,0,0,0,130,0,0,0,0,0,0,0,0,0,0,0,130,2,0,0,0,0,0,0,0,0,0,0,2,2390,261
docker-library_drupal,docker build -t docker-library_drupal docker-library_drupal7apache.,10,true,application_platform,74,1,0,2,3,0,0,0,0,1,0,0,0,0,0,0,0,7,1,0,2,47,0,0,0,0,1,0,0,0,0,0,0,0,51,0,0,0,38595,5184,0,0,0,42762,0,0,1559,441,0,0,0,0,0,0,0,0,0,0,88541,2,1,0,0,0,0,3276.8,0,0,0,3276.8,3,2390,356
docker-library_golang,docker build -t docker-library_golang docker-library_golang1.13alpine3.11,10,true,language,64,1,0,2,2,0,1,0,0,1,2,0,0,0,0,0,1,10,1,0,2,47,0,0,0,0,1,0,0,0,0,0,0,0,51,39,0,6356,0,714,357,0,0,0,0,1159,2141,623,0,0,0,0,104641,8,7,4,0,0,116049,0,0,1,0,0,0,21196.8,0,0,0,21196.8,1,2390,769
ahawkins_docker-thrift,docker build -t ahawkins_docker-thrift ahawkins_docker-thrift0.12.,10,true,application_platform,41,1,0,1,1,0,0,0,1,0,0,0,0,0,0,0,0,4,1,0,1,36,0,0,0,1,0,0,0,0,0,0,0,0,39,970705,19852,18693,14438,9454,9431,9202,8381,6962,6408,3413,1497,1021,1010,962,649,336,0,0,0,0,0,0,1082414,2,1,0,0,0,0,16076.8,0,0,0,16076.8,3,2390,643
apache_couchdb-docker,docker build -t apache_couchdb-docker apache_couchdb-docker3.0.0.,10,true,database,140,1,1,4,7,1,3,1,1,0,0,1,0,0,0,0,0,20,1,1,4,81,1,3,3,1,0,0,3,0,0,0,0,0,98,0,0,619,0,0,457,0,0,0,0,64,1090,0,0,0,0,0,0,0,0,0,0,0,2230,6,0,4,0,0,0,85.8,0.8,56.6,0.55,143.75,10,2390,315
appropriate_docker-jetty,docker build -t /repositories/appropriate_docker-jetty/9.4-jdk13,10,true,web_component,85,1,0,7,1,0,1,1,1,1,1,1,0,0,0,0,0,15,1,0,7,36,0,1,1,3,1,1,1,0,0,0,0,0,52,0,0,0,0,0,0,0,0,0,0,0,215,1399,0,0,0,0,0,0,0,0,0,0,1614,0,2,0,0,0,0,99523.2,0,0,0,99523.2,2,2390,583
backdrop-ops_backdrop-docker,docker build -t backdrop-ops_backdrop-docker backdrop-ops_backdrop-docker1apache.,10,true,application_platform,28,1,0,2,3,0,1,1,1,1,0,0,0,0,0,0,0,10,1,0,2,12,0,2,1,1,1,0,0,0,0,0,0,0,20,0,0,0,83572,14246,0,0,0,17986,0,64,1973,463,0,0,0,0,0,0,0,0,0,0,118304,2,1,0,0,0,0,32665.6,0,0,0,32665.6,3,2390,289
c0b_docker-elixir,docker build -t c0b_docker-elixir c0b_docker-elixir1.2.,10,true,language,24,1,0,1,1,0,0,0,1,0,0,0,0,0,0,0,0,4,1,0,2,15,0,0,0,1,0,0,0,0,0,0,0,0,19,0,0,0,0,0,0,0,0,0,9464,64,604,0,0,0,0,0,0,0,0,0,0,0,10132,2,1,0,0,0,0,3174.4,0,0,0,3174.4,3,2390,859
carlossg_docker-maven,docker build -t carlossg_docker-maven carlossg_docker-mavenamazoncorretto-8.,10,true,other,27,1,0,3,2,0,2,1,1,0,0,0,0,4,0,0,0,14,1,0,3,8,0,2,1,1,0,0,0,0,4,0,0,0,20,0,6,0,0,0,0,0,0,0,0,0,198,35,0,0,0,0,0,0,0,0,0,0,239,0,1,0,0,0,0,9318.4,0,0,0,9318.4,1,2390,482
composer_docker,docker build -t composer_docker composer_docker1.9.,10,true,other,64,1,0,3,4,0,1,1,1,1,0,0,0,0,0,0,0,12,1,0,3,39,1,2,2,1,1,0,0,0,0,0,0,0,50,0,0,0,0,0,0,0,0,4175,0,0,78,0,0,0,0,0,0,0,0,0,0,0,4253,0,1,0,0,0,0,258,0,0,0,258,1,2390,303
containous_traefik-library-image,docker build -t containous_traefik-library-image traefik-library-imagealpine.,10,true,web_component,26,1,1,0,2,0,1,1,1,0,0,1,0,0,0,0,0,8,1,6,0,14,0,1,1,1,0,0,1,0,0,0,0,0,25,0,0,0,0,2254,0,0,0,0,0,64,695,0,0,0,0,0,0,0,0,0,0,0,3013,0,0,1,0,0,0,13516.8,0,0,0,13516.8,1,2390,74
cpuguy83_docker-jruby,docker build -t cpuguy83_docker-jruby cpuguy83_docker-jruby9000jdk.,10,true,language,35,1,0,6,5,0,0,0,1,0,0,0,0,0,0,0,0,13,1,0,0,4,0,2,0,8,1,0,1,1,0,0,0,0,18,0,256465,5113,0,0,0,0,540452,0,0,0,992,30437,4843,0,0,0,0,0,0,0,40,0,838342,2,1,0,0,0,0,24985.6,0,0,0,24985.6,3,2390,343
crate_docker-crate,docker build -t crate_docker-crate crate_docker-crate.,10,true,database,84,1,1,3,6,1,5,1,1,1,0,1,0,0,0,0,0,21,1,0,11,15,0,0,0,1,0,0,0,0,0,0,0,0,28,0,0,0,0,0,377,0,0,0,0,0,26,0,0,0,0,0,0,0,0,0,0,0,403,0,5,0,0,0,0,191488,55091.2,1331.2,0,247910.4,5,2390,608
docker-flink_docker-flink,docker build -t docker-flink_docker-flink docker-flink_docker-flink1.9scala_2.12-debian.,10,true,web_component,89,1,0,6,4,0,1,1,1,1,0,1,0,0,0,0,0,16,1,8,3,32,1,5,1,1,1,0,3,0,0,0,0,0,56,0,0,0,0,0,0,0,0,0,0,64,924,0,0,0,0,0,0,0,0,0,0,0,988,2,0,4,0,0,0,240640,52,0,0,240692,6,2390,538
docker-library_buildpack-deps,docker build -t docker-library_buildpack-deps docker-library_buildpack-depsbionic.,10,true,other,57,1,0,0,1,0,0,0,0,0,0,0,0,0,0,0,0,2,1,0,0,2,1,3,1,1,0,0,1,0,0,0,0,0,10,0,0,0,0,0,0,0,0,0,0,0,130,0,0,0,0,0,0,0,0,0,0,0,130,2,0,0,0,0,0,0,0,0,0,0,2,2390,260
docker-library_drupal,docker build -t docker-library_drupal docker-library_drupal7apache.,10,true,application_platform,74,1,0,2,3,0,0,0,0,1,0,0,0,0,0,0,0,7,1,0,2,47,0,0,0,0,1,0,0,0,0,0,0,0,51,0,0,0,38595,5184,0,0,0,42762,0,0,1559,441,0,0,0,0,0,0,0,0,0,0,88541,2,1,0,0,0,0,3276.8,0,0,0,3276.8,3,2390,352
docker-library_golang,docker build -t docker-library_golang docker-library_golang1.13alpine3.11,10,true,language,64,1,0,2,2,0,1,0,0,1,2,0,0,0,0,0,1,10,1,0,2,47,0,0,0,0,1,0,0,0,0,0,0,0,51,39,0,6356,0,714,357,0,0,0,0,1159,2141,623,0,0,0,0,104641,8,7,4,0,0,116049,0,0,1,0,0,0,21196.8,0,0,0,21196.8,1,2390,800
ahawkins_docker-thrift,docker build -t ahawkins_docker-thrift ahawkins_docker-thrift0.12.,10,true,application_platform,41,1,0,1,1,0,0,0,1,0,0,0,0,0,0,0,0,4,1,0,1,36,0,0,0,1,0,0,0,0,0,0,0,0,39,970705,19852,18693,14438,9454,9431,9202,8381,6962,6408,3413,1497,1021,1010,962,649,336,0,0,0,0,0,0,1082414,2,1,0,0,0,0,16076.8,0,0,0,16076.8,3,2390,631
apache_couchdb-docker,docker build -t apache_couchdb-docker apache_couchdb-docker3.0.0.,10,true,database,140,1,1,4,7,1,3,1,1,0,0,1,0,0,0,0,0,20,1,1,4,81,1,3,3,1,0,0,3,0,0,0,0,0,98,0,0,619,0,0,457,0,0,0,0,64,1090,0,0,0,0,0,0,0,0,0,0,0,2230,6,0,4,0,0,0,85.8,0.8,56.6,0.55,143.75,10,2390,330
appropriate_docker-jetty,docker build -t /repositories/appropriate_docker-jetty/9.4-jdk13,10,true,web_component,85,1,0,7,1,0,1,1,1,1,1,1,0,0,0,0,0,15,1,0,7,36,0,1,1,3,1,1,1,0,0,0,0,0,52,0,0,0,0,0,0,0,0,0,0,0,215,1399,0,0,0,0,0,0,0,0,0,0,1614,0,2,0,0,0,0,99523.2,0,0,0,99523.2,2,2390,629
backdrop-ops_backdrop-docker,docker build -t backdrop-ops_backdrop-docker backdrop-ops_backdrop-docker1apache.,10,true,application_platform,28,1,0,2,3,0,1,1,1,1,0,0,0,0,0,0,0,10,1,0,2,12,0,2,1,1,1,0,0,0,0,0,0,0,20,0,0,0,83572,14246,0,0,0,17986,0,64,1973,463,0,0,0,0,0,0,0,0,0,0,118304,2,1,0,0,0,0,32665.6,0,0,0,32665.6,3,2390,277
c0b_docker-elixir,docker build -t c0b_docker-elixir c0b_docker-elixir1.2.,10,true,language,24,1,0,1,1,0,0,0,1,0,0,0,0,0,0,0,0,4,1,0,2,15,0,0,0,1,0,0,0,0,0,0,0,0,19,0,0,0,0,0,0,0,0,0,9464,64,604,0,0,0,0,0,0,0,0,0,0,0,10132,2,1,0,0,0,0,3174.4,0,0,0,3174.4,3,2390,790
carlossg_docker-maven,docker build -t carlossg_docker-maven carlossg_docker-mavenamazoncorretto-8.,10,true,other,27,1,0,3,2,0,2,1,1,0,0,0,0,4,0,0,0,14,1,0,3,8,0,2,1,1,0,0,0,0,4,0,0,0,20,0,6,0,0,0,0,0,0,0,0,0,198,35,0,0,0,0,0,0,0,0,0,0,239,0,1,0,0,0,0,9318.4,0,0,0,9318.4,1,2390,451
composer_docker,docker build -t composer_docker composer_docker1.9.,10,true,other,64,1,0,3,4,0,1,1,1,1,0,0,0,0,0,0,0,12,1,0,3,39,1,2,2,1,1,0,0,0,0,0,0,0,50,0,0,0,0,0,0,0,0,4175,0,0,78,0,0,0,0,0,0,0,0,0,0,0,4253,0,1,0,0,0,0,258,0,0,0,258,1,2390,292
containous_traefik-library-image,docker build -t containous_traefik-library-image traefik-library-imagealpine.,10,true,web_component,26,1,1,0,2,0,1,1,1,0,0,1,0,0,0,0,0,8,1,6,0,14,0,1,1,1,0,0,1,0,0,0,0,0,25,0,0,0,0,2254,0,0,0,0,0,64,695,0,0,0,0,0,0,0,0,0,0,0,3013,0,0,1,0,0,0,13516.8,0,0,0,13516.8,1,2390,76
cpuguy83_docker-jruby,docker build -t cpuguy83_docker-jruby cpuguy83_docker-jruby9000jdk.,10,true,language,35,1,0,6,5,0,0,0,1,0,0,0,0,0,0,0,0,13,1,0,0,4,0,2,0,8,1,0,1,1,0,0,0,0,18,0,256465,5113,0,0,0,0,540452,0,0,0,992,30437,4843,0,0,0,0,0,0,0,40,0,838342,2,1,0,0,0,0,24985.6,0,0,0,24985.6,3,2390,346
crate_docker-crate,docker build -t crate_docker-crate crate_docker-crate.,10,true,database,84,1,1,3,6,1,5,1,1,1,0,1,0,0,0,0,0,21,1,0,11,15,0,0,0,1,0,0,0,0,0,0,0,0,28,0,0,0,0,0,377,0,0,0,0,0,26,0,0,0,0,0,0,0,0,0,0,0,403,0,5,0,0,0,0,191488,55091.2,1331.2,0,247910.4,5,2390,605
docker-flink_docker-flink,docker build -t docker-flink_docker-flink docker-flink_docker-flink1.9scala_2.12-debian.,10,true,web_component,89,1,0,6,4,0,1,1,1,1,0,1,0,0,0,0,0,16,1,8,3,32,1,5,1,1,1,0,3,0,0,0,0,0,56,0,0,0,0,0,0,0,0,0,0,64,924,0,0,0,0,0,0,0,0,0,0,0,988,2,0,4,0,0,0,240640,52,0,0,240692,6,2390,629
docker-library_buildpack-deps,docker build -t docker-library_buildpack-deps docker-library_buildpack-depsbionic.,10,true,other,57,1,0,0,1,0,0,0,0,0,0,0,0,0,0,0,0,2,1,0,0,2,1,3,1,1,0,0,1,0,0,0,0,0,10,0,0,0,0,0,0,0,0,0,0,0,130,0,0,0,0,0,0,0,0,0,0,0,130,2,0,0,0,0,0,0,0,0,0,0,2,2390,240
docker-library_drupal,docker build -t docker-library_drupal docker-library_drupal7apache.,10,true,application_platform,74,1,0,2,3,0,0,0,0,1,0,0,0,0,0,0,0,7,1,0,2,47,0,0,0,0,1,0,0,0,0,0,0,0,51,0,0,0,38595,5184,0,0,0,42762,0,0,1559,441,0,0,0,0,0,0,0,0,0,0,88541,2,1,0,0,0,0,3276.8,0,0,0,3276.8,3,2390,170
docker-library_golang,docker build -t docker-library_golang docker-library_golang1.13alpine3.11,10,true,language,64,1,0,2,2,0,1,0,0,1,2,0,0,0,0,0,1,10,1,0,2,47,0,0,0,0,1,0,0,0,0,0,0,0,51,39,0,6356,0,714,357,0,0,0,0,1159,2141,623,0,0,0,0,104641,8,7,4,0,0,116049,0,0,1,0,0,0,21196.8,0,0,0,21196.8,1,2390,792
ahawkins_docker-thrift,docker build -t ahawkins_docker-thrift ahawkins_docker-thrift0.12.,10,true,application_platform,41,1,0,1,1,0,0,0,1,0,0,0,0,0,0,0,0,4,1,0,1,36,0,0,0,1,0,0,0,0,0,0,0,0,39,970705,19852,18693,14438,9454,9431,9202,8381,6962,6408,3413,1497,1021,1010,962,649,336,0,0,0,0,0,0,1082414,2,1,0,0,0,0,16076.8,0,0,0,16076.8,3,2390,671
apache_couchdb-docker,docker build -t apache_couchdb-docker apache_couchdb-docker3.0.0.,10,true,database,140,1,1,4,7,1,3,1,1,0,0,1,0,0,0,0,0,20,1,1,4,81,1,3,3,1,0,0,3,0,0,0,0,0,98,0,0,619,0,0,457,0,0,0,0,64,1090,0,0,0,0,0,0,0,0,0,0,0,2230,6,0,4,0,0,0,85.8,0.8,56.6,0.55,143.75,10,2390,376
appropriate_docker-jetty,docker build -t /repositories/appropriate_docker-jetty/9.4-jdk13,10,true,web_component,85,1,0,7,1,0,1,1,1,1,1,1,0,0,0,0,0,15,1,0,7,36,0,1,1,3,1,1,1,0,0,0,0,0,52,0,0,0,0,0,0,0,0,0,0,0,215,1399,0,0,0,0,0,0,0,0,0,0,1614,0,2,0,0,0,0,99523.2,0,0,0,99523.2,2,2390,809
backdrop-ops_backdrop-docker,docker build -t backdrop-ops_backdrop-docker backdrop-ops_backdrop-docker1apache.,10,true,application_platform,28,1,0,2,3,0,1,1,1,1,0,0,0,0,0,0,0,10,1,0,2,12,0,2,1,1,1,0,0,0,0,0,0,0,20,0,0,0,83572,14246,0,0,0,17986,0,64,1973,463,0,0,0,0,0,0,0,0,0,0,118304,2,1,0,0,0,0,32665.6,0,0,0,32665.6,3,2390,448
c0b_docker-elixir,docker build -t c0b_docker-elixir c0b_docker-elixir1.2.,10,true,language,24,1,0,1,1,0,0,0,1,0,0,0,0,0,0,0,0,4,1,0,2,15,0,0,0,1,0,0,0,0,0,0,0,0,19,0,0,0,0,0,0,0,0,0,9464,64,604,0,0,0,0,0,0,0,0,0,0,0,10132,2,1,0,0,0,0,3174.4,0,0,0,3174.4,3,2390,896
carlossg_docker-maven,docker build -t carlossg_docker-maven carlossg_docker-mavenamazoncorretto-8.,10,true,other,27,1,0,3,2,0,2,1,1,0,0,0,0,4,0,0,0,14,1,0,3,8,0,2,1,1,0,0,0,0,4,0,0,0,20,0,6,0,0,0,0,0,0,0,0,0,198,35,0,0,0,0,0,0,0,0,0,0,239,0,1,0,0,0,0,9318.4,0,0,0,9318.4,1,2390,457
composer_docker,docker build -t composer_docker composer_docker1.9.,10,true,other,64,1,0,3,4,0,1,1,1,1,0,0,0,0,0,0,0,12,1,0,3,39,1,2,2,1,1,0,0,0,0,0,0,0,50,0,0,0,0,0,0,0,0,4175,0,0,78,0,0,0,0,0,0,0,0,0,0,0,4253,0,1,0,0,0,0,258,0,0,0,258,1,2390,322
containous_traefik-library-image,docker build -t containous_traefik-library-image traefik-library-imagealpine.,10,true,web_component,26,1,1,0,2,0,1,1,1,0,0,1,0,0,0,0,0,8,1,6,0,14,0,1,1,1,0,0,1,0,0,0,0,0,25,0,0,0,0,2254,0,0,0,0,0,64,695,0,0,0,0,0,0,0,0,0,0,0,3013,0,0,1,0,0,0,13516.8,0,0,0,13516.8,1,2390,78
cpuguy83_docker-jruby,docker build -t cpuguy83_docker-jruby cpuguy83_docker-jruby9000jdk.,10,true,language,35,1,0,6,5,0,0,0,1,0,0,0,0,0,0,0,0,13,1,0,0,4,0,2,0,8,1,0,1,1,0,0,0,0,18,0,256465,5113,0,0,0,0,540452,0,0,0,992,30437,4843,0,0,0,0,0,0,0,40,0,838342,2,1,0,0,0,0,24985.6,0,0,0,24985.6,3,2390,441
crate_docker-crate,docker build -t crate_docker-crate crate_docker-crate.,10,true,database,84,1,1,3,6,1,5,1,1,1,0,1,0,0,0,0,0,21,1,0,11,15,0,0,0,1,0,0,0,0,0,0,0,0,28,0,0,0,0,0,377,0,0,0,0,0,26,0,0,0,0,0,0,0,0,0,0,0,403,0,5,0,0,0,0,191488,55091.2,1331.2,0,247910.4,5,2390,782
docker-flink_docker-flink,docker build -t docker-flink_docker-flink docker-flink_docker-flink1.9scala_2.12-debian.,10,true,web_component,89,1,0,6,4,0,1,1,1,1,0,1,0,0,0,0,0,16,1,8,3,32,1,5,1,1,1,0,3,0,0,0,0,0,56,0,0,0,0,0,0,0,0,0,0,64,924,0,0,0,0,0,0,0,0,0,0,0,988,2,0,4,0,0,0,240640,52,0,0,240692,6,2390,563
docker-library_buildpack-deps,docker build -t docker-library_buildpack-deps docker-library_buildpack-depsbionic.,10,true,other,57,1,0,0,1,0,0,0,0,0,0,0,0,0,0,0,0,2,1,0,0,2,1,3,1,1,0,0,1,0,0,0,0,0,10,0,0,0,0,0,0,0,0,0,0,0,130,0,0,0,0,0,0,0,0,0,0,0,130,2,0,0,0,0,0,0,0,0,0,0,2,2390,220
docker-library_drupal,docker build -t docker-library_drupal docker-library_drupal7apache.,10,true,application_platform,74,1,0,2,3,0,0,0,0,1,0,0,0,0,0,0,0,7,1,0,2,47,0,0,0,0,1,0,0,0,0,0,0,0,51,0,0,0,38595,5184,0,0,0,42762,0,0,1559,441,0,0,0,0,0,0,0,0,0,0,88541,2,1,0,0,0,0,3276.8,0,0,0,3276.8,3,2390,396
docker-library_golang,docker build -t docker-library_golang docker-library_golang1.13alpine3.11,10,true,language,64,1,0,2,2,0,1,0,0,1,2,0,0,0,0,0,1,10,1,0,2,47,0,0,0,0,1,0,0,0,0,0,0,0,51,39,0,6356,0,714,357,0,0,0,0,1159,2141,623,0,0,0,0,104641,8,7,4,0,0,116049,0,0,1,0,0,0,21196.8,0,0,0,21196.8,1,2390,816
ahawkins_docker-thrift,docker build -t ahawkins_docker-thrift ahawkins_docker-thrift0.12.,10,true,application_platform,41,1,0,1,1,0,0,0,1,0,0,0,0,0,0,0,0,4,1,0,1,36,0,0,0,1,0,0,0,0,0,0,0,0,39,970705,19852,18693,14438,9454,9431,9202,8381,6962,6408,3413,1497,1021,1010,962,649,336,0,0,0,0,0,0,1082414,2,1,0,0,0,0,16076.8,0,0,0,16076.8,3,2390,650
apache_couchdb-docker,docker build -t apache_couchdb-docker apache_couchdb-docker3.0.0.,10,true,database,140,1,1,4,7,1,3,1,1,0,0,1,0,0,0,0,0,20,1,1,4,81,1,3,3,1,0,0,3,0,0,0,0,0,98,0,0,619,0,0,457,0,0,0,0,64,1090,0,0,0,0,0,0,0,0,0,0,0,2230,6,0,4,0,0,0,85.8,0.8,56.6,0.55,143.75,10,2390,326
appropriate_docker-jetty,docker build -t /repositories/appropriate_docker-jetty/9.4-jdk13,10,true,web_component,85,1,0,7,1,0,1,1,1,1,1,1,0,0,0,0,0,15,1,0,7,36,0,1,1,3,1,1,1,0,0,0,0,0,52,0,0,0,0,0,0,0,0,0,0,0,215,1399,0,0,0,0,0,0,0,0,0,0,1614,0,2,0,0,0,0,99523.2,0,0,0,99523.2,2,2390,690
backdrop-ops_backdrop-docker,docker build -t backdrop-ops_backdrop-docker backdrop-ops_backdrop-docker1apache.,10,true,application_platform,28,1,0,2,3,0,1,1,1,1,0,0,0,0,0,0,0,10,1,0,2,12,0,2,1,1,1,0,0,0,0,0,0,0,20,0,0,0,83572,14246,0,0,0,17986,0,64,1973,463,0,0,0,0,0,0,0,0,0,0,118304,2,1,0,0,0,0,32665.6,0,0,0,32665.6,3,2390,308
c0b_docker-elixir,docker build -t c0b_docker-elixir c0b_docker-elixir1.2.,10,true,language,24,1,0,1,1,0,0,0,1,0,0,0,0,0,0,0,0,4,1,0,2,15,0,0,0,1,0,0,0,0,0,0,0,0,19,0,0,0,0,0,0,0,0,0,9464,64,604,0,0,0,0,0,0,0,0,0,0,0,10132,2,1,0,0,0,0,3174.4,0,0,0,3174.4,3,2390,1012
carlossg_docker-maven,docker build -t carlossg_docker-maven carlossg_docker-mavenamazoncorretto-8.,10,true,other,27,1,0,3,2,0,2,1,1,0,0,0,0,4,0,0,0,14,1,0,3,8,0,2,1,1,0,0,0,0,4,0,0,0,20,0,6,0,0,0,0,0,0,0,0,0,198,35,0,0,0,0,0,0,0,0,0,0,239,0,1,0,0,0,0,9318.4,0,0,0,9318.4,1,2390,569
composer_docker,docker build -t composer_docker composer_docker1.9.,10,true,other,64,1,0,3,4,0,1,1,1,1,0,0,0,0,0,0,0,12,1,0,3,39,1,2,2,1,1,0,0,0,0,0,0,0,50,0,0,0,0,0,0,0,0,4175,0,0,78,0,0,0,0,0,0,0,0,0,0,0,4253,0,1,0,0,0,0,258,0,0,0,258,1,2390,463
containous_traefik-library-image,docker build -t containous_traefik-library-image traefik-library-imagealpine.,10,true,web_component,26,1,1,0,2,0,1,1,1,0,0,1,0,0,0,0,0,8,1,6,0,14,0,1,1,1,0,0,1,0,0,0,0,0,25,0,0,0,0,2254,0,0,0,0,0,64,695,0,0,0,0,0,0,0,0,0,0,0,3013,0,0,1,0,0,0,13516.8,0,0,0,13516.8,1,2390,82
cpuguy83_docker-jruby,docker build -t cpuguy83_docker-jruby cpuguy83_docker-jruby9000jdk.,10,true,language,35,1,0,6,5,0,0,0,1,0,0,0,0,0,0,0,0,13,1,0,0,4,0,2,0,8,1,0,1,1,0,0,0,0,18,0,256465,5113,0,0,0,0,540452,0,0,0,992,30437,4843,0,0,0,0,0,0,0,40,0,838342,2,1,0,0,0,0,24985.6,0,0,0,24985.6,3,2390,404
crate_docker-crate,docker build -t crate_docker-crate crate_docker-crate.,10,true,database,84,1,1,3,6,1,5,1,1,1,0,1,0,0,0,0,0,21,1,0,11,15,0,0,0,1,0,0,0,0,0,0,0,0,28,0,0,0,0,0,377,0,0,0,0,0,26,0,0,0,0,0,0,0,0,0,0,0,403,0,5,0,0,0,0,191488,55091.2,1331.2,0,247910.4,5,2390,880
docker-flink_docker-flink,docker build -t docker-flink_docker-flink docker-flink_docker-flink1.9scala_2.12-debian.,10,true,web_component,89,1,0,6,4,0,1,1,1,1,0,1,0,0,0,0,0,16,1,8,3,32,1,5,1,1,1,0,3,0,0,0,0,0,56,0,0,0,0,0,0,0,0,0,0,64,924,0,0,0,0,0,0,0,0,0,0,0,988,2,0,4,0,0,0,240640,52,0,0,240692,6,2390,678
docker-library_buildpack-deps,docker build -t docker-library_buildpack-deps docker-library_buildpack-depsbionic.,10,true,other,57,1,0,0,1,0,0,0,0,0,0,0,0,0,0,0,0,2,1,0,0,2,1,3,1,1,0,0,1,0,0,0,0,0,10,0,0,0,0,0,0,0,0,0,0,0,130,0,0,0,0,0,0,0,0,0,0,0,130,2,0,0,0,0,0,0,0,0,0,0,2,2390,230
docker-library_drupal,docker build -t docker-library_drupal docker-library_drupal7apache.,10,true,application_platform,74,1,0,2,3,0,0,0,0,1,0,0,0,0,0,0,0,7,1,0,2,47,0,0,0,0,1,0,0,0,0,0,0,0,51,0,0,0,38595,5184,0,0,0,42762,0,0,1559,441,0,0,0,0,0,0,0,0,0,0,88541,2,1,0,0,0,0,3276.8,0,0,0,3276.8,3,2390,179
docker-library_golang,docker build -t docker-library_golang docker-library_golang1.13alpine3.11,10,true,language,64,1,0,2,2,0,1,0,0,1,2,0,0,0,0,0,1,10,1,0,2,47,0,0,0,0,1,0,0,0,0,0,0,0,51,39,0,6356,0,714,357,0,0,0,0,1159,2141,623,0,0,0,0,104641,8,7,4,0,0,116049,0,0,1,0,0,0,21196.8,0,0,0,21196.8,1,2390,787
ahawkins_docker-thrift,docker build -t ahawkins_docker-thrift ahawkins_docker-thrift0.12.,10,true,application_platform,41,1,0,1,1,0,0,0,1,0,0,0,0,0,0,0,0,4,1,0,1,36,0,0,0,1,0,0,0,0,0,0,0,0,39,970705,19852,18693,14438,9454,9431,9202,8381,6962,6408,3413,1497,1021,1010,962,649,336,0,0,0,0,0,0,1082414,2,1,0,0,0,0,16076.8,0,0,0,16076.8,3,2390,736
apache_couchdb-docker,docker build -t apache_couchdb-docker apache_couchdb-docker3.0.0.,10,true,database,140,1,1,4,7,1,3,1,1,0,0,1,0,0,0,0,0,20,1,1,4,81,1,3,3,1,0,0,3,0,0,0,0,0,98,0,0,619,0,0,457,0,0,0,0,64,1090,0,0,0,0,0,0,0,0,0,0,0,2230,6,0,4,0,0,0,85.8,0.8,56.6,0.55,143.75,10,2390,582
appropriate_docker-jetty,docker build -t /repositories/appropriate_docker-jetty/9.4-jdk13,10,true,web_component,85,1,0,7,1,0,1,1,1,1,1,1,0,0,0,0,0,15,1,0,7,36,0,1,1,3,1,1,1,0,0,0,0,0,52,0,0,0,0,0,0,0,0,0,0,0,215,1399,0,0,0,0,0,0,0,0,0,0,1614,0,2,0,0,0,0,99523.2,0,0,0,99523.2,2,2390,572
backdrop-ops_backdrop-docker,docker build -t backdrop-ops_backdrop-docker backdrop-ops_backdrop-docker1apache.,10,true,application_platform,28,1,0,2,3,0,1,1,1,1,0,0,0,0,0,0,0,10,1,0,2,12,0,2,1,1,1,0,0,0,0,0,0,0,20,0,0,0,83572,14246,0,0,0,17986,0,64,1973,463,0,0,0,0,0,0,0,0,0,0,118304,2,1,0,0,0,0,32665.6,0,0,0,32665.6,3,2390,495
c0b_docker-elixir,docker build -t c0b_docker-elixir c0b_docker-elixir1.2.,10,true,language,24,1,0,1,1,0,0,0,1,0,0,0,0,0,0,0,0,4,1,0,2,15,0,0,0,1,0,0,0,0,0,0,0,0,19,0,0,0,0,0,0,0,0,0,9464,64,604,0,0,0,0,0,0,0,0,0,0,0,10132,2,1,0,0,0,0,3174.4,0,0,0,3174.4,3,2390,1086
carlossg_docker-maven,docker build -t carlossg_docker-maven carlossg_docker-mavenamazoncorretto-8.,10,true,other,27,1,0,3,2,0,2,1,1,0,0,0,0,4,0,0,0,14,1,0,3,8,0,2,1,1,0,0,0,0,4,0,0,0,20,0,6,0,0,0,0,0,0,0,0,0,198,35,0,0,0,0,0,0,0,0,0,0,239,0,1,0,0,0,0,9318.4,0,0,0,9318.4,1,2390,577
composer_docker,docker build -t composer_docker composer_docker1.9.,10,true,other,64,1,0,3,4,0,1,1,1,1,0,0,0,0,0,0,0,12,1,0,3,39,1,2,2,1,1,0,0,0,0,0,0,0,50,0,0,0,0,0,0,0,0,4175,0,0,78,0,0,0,0,0,0,0,0,0,0,0,4253,0,1,0,0,0,0,258,0,0,0,258,1,2390,357
containous_traefik-library-image,docker build -t containous_traefik-library-image traefik-library-imagealpine.,10,true,web_component,26,1,1,0,2,0,1,1,1,0,0,1,0,0,0,0,0,8,1,6,0,14,0,1,1,1,0,0,1,0,0,0,0,0,25,0,0,0,0,2254,0,0,0,0,0,64,695,0,0,0,0,0,0,0,0,0,0,0,3013,0,0,1,0,0,0,13516.8,0,0,0,13516.8,1,2390,86
cpuguy83_docker-jruby,docker build -t cpuguy83_docker-jruby cpuguy83_docker-jruby9000jdk.,10,true,language,35,1,0,6,5,0,0,0,1,0,0,0,0,0,0,0,0,13,1,0,0,4,0,2,0,8,1,0,1,1,0,0,0,0,18,0,256465,5113,0,0,0,0,540452,0,0,0,992,30437,4843,0,0,0,0,0,0,0,40,0,838342,2,1,0,0,0,0,24985.6,0,0,0,24985.6,3,2390,552
crate_docker-crate,docker build -t crate_docker-crate crate_docker-crate.,10,true,database,84,1,1,3,6,1,5,1,1,1,0,1,0,0,0,0,0,21,1,0,11,15,0,0,0,1,0,0,0,0,0,0,0,0,28,0,0,0,0,0,377,0,0,0,0,0,26,0,0,0,0,0,0,0,0,0,0,0,403,0,5,0,0,0,0,191488,55091.2,1331.2,0,247910.4,5,2390,1549
docker-flink_docker-flink,docker build -t docker-flink_docker-flink docker-flink_docker-flink1.9scala_2.12-debian.,10,true,web_component,89,1,0,6,4,0,1,1,1,1,0,1,0,0,0,0,0,16,1,8,3,32,1,5,1,1,1,0,3,0,0,0,0,0,56,0,0,0,0,0,0,0,0,0,0,64,924,0,0,0,0,0,0,0,0,0,0,0,988,2,0,4,0,0,0,240640,52,0,0,240692,6,2390,888
docker-library_buildpack-deps,docker build -t docker-library_buildpack-deps docker-library_buildpack-depsbionic.,10,true,other,57,1,0,0,1,0,0,0,0,0,0,0,0,0,0,0,0,2,1,0,0,2,1,3,1,1,0,0,1,0,0,0,0,0,10,0,0,0,0,0,0,0,0,0,0,0,130,0,0,0,0,0,0,0,0,0,0,0,130,2,0,0,0,0,0,0,0,0,0,0,2,2390,200
docker-library_drupal,docker build -t docker-library_drupal docker-library_drupal7apache.,10,true,application_platform,74,1,0,2,3,0,0,0,0,1,0,0,0,0,0,0,0,7,1,0,2,47,0,0,0,0,1,0,0,0,0,0,0,0,51,0,0,0,38595,5184,0,0,0,42762,0,0,1559,441,0,0,0,0,0,0,0,0,0,0,88541,2,1,0,0,0,0,3276.8,0,0,0,3276.8,3,2390,472
docker-library_golang,docker build -t docker-library_golang docker-library_golang1.13alpine3.11,10,true,language,64,1,0,2,2,0,1,0,0,1,2,0,0,0,0,0,1,10,1,0,2,47,0,0,0,0,1,0,0,0,0,0,0,0,51,39,0,6356,0,714,357,0,0,0,0,1159,2141,623,0,0,0,0,104641,8,7,4,0,0,116049,0,0,1,0,0,0,21196.8,0,0,0,21196.8,1,2390,867
ahawkins_docker-thrift,docker build -t ahawkins_docker-thrift ahawkins_docker-thrift0.12.,10,true,application_platform,41,1,0,1,1,0,0,0,1,0,0,0,0,0,0,0,0,4,1,0,1,36,0,0,0,1,0,0,0,0,0,0,0,0,39,970705,19852,18693,14438,9454,9431,9202,8381,6962,6408,3413,1497,1021,1010,962,649,336,0,0,0,0,0,0,1082414,2,1,0,0,0,0,16076.8,0,0,0,16076.8,3,2390,751
apache_couchdb-docker,docker build -t apache_couchdb-docker apache_couchdb-docker3.0.0.,10,true,database,140,1,1,4,7,1,3,1,1,0,0,1,0,0,0,0,0,20,1,1,4,81,1,3,3,1,0,0,3,0,0,0,0,0,98,0,0,619,0,0,457,0,0,0,0,64,1090,0,0,0,0,0,0,0,0,0,0,0,2230,6,0,4,0,0,0,85.8,0.8,56.6,0.55,143.75,10,2390,338
appropriate_docker-jetty,docker build -t /repositories/appropriate_docker-jetty/9.4-jdk13,10,true,web_component,85,1,0,7,1,0,1,1,1,1,1,1,0,0,0,0,0,15,1,0,7,36,0,1,1,3,1,1,1,0,0,0,0,0,52,0,0,0,0,0,0,0,0,0,0,0,215,1399,0,0,0,0,0,0,0,0,0,0,1614,0,2,0,0,0,0,99523.2,0,0,0,99523.2,2,2390,580
backdrop-ops_backdrop-docker,docker build -t backdrop-ops_backdrop-docker backdrop-ops_backdrop-docker1apache.,10,true,application_platform,28,1,0,2,3,0,1,1,1,1,0,0,0,0,0,0,0,10,1,0,2,12,0,2,1,1,1,0,0,0,0,0,0,0,20,0,0,0,83572,14246,0,0,0,17986,0,64,1973,463,0,0,0,0,0,0,0,0,0,0,118304,2,1,0,0,0,0,32665.6,0,0,0,32665.6,3,2390,530
c0b_docker-elixir,docker build -t c0b_docker-elixir c0b_docker-elixir1.2.,10,true,language,24,1,0,1,1,0,0,0,1,0,0,0,0,0,0,0,0,4,1,0,2,15,0,0,0,1,0,0,0,0,0,0,0,0,19,0,0,0,0,0,0,0,0,0,9464,64,604,0,0,0,0,0,0,0,0,0,0,0,10132,2,1,0,0,0,0,3174.4,0,0,0,3174.4,3,2390,1192
carlossg_docker-maven,docker build -t carlossg_docker-maven carlossg_docker-mavenamazoncorretto-8.,10,true,other,27,1,0,3,2,0,2,1,1,0,0,0,0,4,0,0,0,14,1,0,3,8,0,2,1,1,0,0,0,0,4,0,0,0,20,0,6,0,0,0,0,0,0,0,0,0,198,35,0,0,0,0,0,0,0,0,0,0,239,0,1,0,0,0,0,9318.4,0,0,0,9318.4,1,2390,587
composer_docker,docker build -t composer_docker composer_docker1.9.,10,true,other,64,1,0,3,4,0,1,1,1,1,0,0,0,0,0,0,0,12,1,0,3,39,1,2,2,1,1,0,0,0,0,0,0,0,50,0,0,0,0,0,0,0,0,4175,0,0,78,0,0,0,0,0,0,0,0,0,0,0,4253,0,1,0,0,0,0,258,0,0,0,258,1,2390,358
containous_traefik-library-image,docker build -t containous_traefik-library-image traefik-library-imagealpine.,10,true,web_component,26,1,1,0,2,0,1,1,1,0,0,1,0,0,0,0,0,8,1,6,0,14,0,1,1,1,0,0,1,0,0,0,0,0,25,0,0,0,0,2254,0,0,0,0,0,64,695,0,0,0,0,0,0,0,0,0,0,0,3013,0,0,1,0,0,0,13516.8,0,0,0,13516.8,1,2390,82
cpuguy83_docker-jruby,docker build -t cpuguy83_docker-jruby cpuguy83_docker-jruby9000jdk.,10,true,language,35,1,0,6,5,0,0,0,1,0,0,0,0,0,0,0,0,13,1,0,0,4,0,2,0,8,1,0,1,1,0,0,0,0,18,0,256465,5113,0,0,0,0,540452,0,0,0,992,30437,4843,0,0,0,0,0,0,0,40,0,838342,2,1,0,0,0,0,24985.6,0,0,0,24985.6,3,2390,513
crate_docker-crate,docker build -t crate_docker-crate crate_docker-crate.,10,true,database,84,1,1,3,6,1,5,1,1,1,0,1,0,0,0,0,0,21,1,0,11,15,0,0,0,1,0,0,0,0,0,0,0,0,28,0,0,0,0,0,377,0,0,0,0,0,26,0,0,0,0,0,0,0,0,0,0,0,403,0,5,0,0,0,0,191488,55091.2,1331.2,0,247910.4,5,2390,938
docker-flink_docker-flink,docker build -t docker-flink_docker-flink docker-flink_docker-flink1.9scala_2.12-debian.,10,true,web_component,89,1,0,6,4,0,1,1,1,1,0,1,0,0,0,0,0,16,1,8,3,32,1,5,1,1,1,0,3,0,0,0,0,0,56,0,0,0,0,0,0,0,0,0,0,64,924,0,0,0,0,0,0,0,0,0,0,0,988,2,0,4,0,0,0,240640,52,0,0,240692,6,2390,674
docker-library_buildpack-deps,docker build -t docker-library_buildpack-deps docker-library_buildpack-depsbionic.,10,true,other,57,1,0,0,1,0,0,0,0,0,0,0,0,0,0,0,0,2,1,0,0,2,1,3,1,1,0,0,1,0,0,0,0,0,10,0,0,0,0,0,0,0,0,0,0,0,130,0,0,0,0,0,0,0,0,0,0,0,130,2,0,0,0,0,0,0,0,0,0,0,2,2390,230
docker-library_drupal,docker build -t docker-library_drupal docker-library_drupal7apache.,10,true,application_platform,74,1,0,2,3,0,0,0,0,1,0,0,0,0,0,0,0,7,1,0,2,47,0,0,0,0,1,0,0,0,0,0,0,0,51,0,0,0,38595,5184,0,0,0,42762,0,0,1559,441,0,0,0,0,0,0,0,0,0,0,88541,2,1,0,0,0,0,3276.8,0,0,0,3276.8,3,2390,481
docker-library_golang,docker build -t docker-library_golang docker-library_golang1.13alpine3.11,10,true,language,64,1,0,2,2,0,1,0,0,1,2,0,0,0,0,0,1,10,1,0,2,47,0,0,0,0,1,0,0,0,0,0,0,0,51,39,0,6356,0,714,357,0,0,0,0,1159,2141,623,0,0,0,0,104641,8,7,4,0,0,116049,0,0,1,0,0,0,21196.8,0,0,0,21196.8,1,2390,842
docker-library_memcached,docker build -t docker-library_memcached docker-library_memcacheddebian.,10,true,database,80,1,0,2,4,0,1,1,1,0,1,1,0,0,0,0,0,12,1,0,2,61,0,1,1,1,0,1,1,0,0,0,0,0,69,0,0,20527,0,0,422,0,0,0,0,7068,563,1638,0,0,0,0,0,0,0,0,0,0,30218,4,0,1,0,0,0,1740.8,0,0,0,524,5,2390,178
docker-library_mongo,docker build -t /repositories/docker-library_mongo/3.6,10,true,database,106,1,0,6,8,1,1,1,1,0,0,1,0,2,0,0,0,22,1,0,6,72,1,1,1,1,0,0,1,0,2,0,0,0,86,0,0,0,0,8081,0,0,0,0,0,64,944,0,0,0,0,0,0,0,0,0,0,0,9089,9,0,3,0,0,0,56.3,8089.6,0,0,8145.9,12,2390,526
docker-library_mysql,docker build -t docker-library_mysql docker-library_mysql5.7.,10,true,database,10,1,0,3,9,1,1,1,1,0,0,1,0,0,0,0,0,18,1,0,0,4,0,1,0,1,0,0,0,0,0,0,0,0,7,0,0,0,0,0,0,0,0,0,0,64,686,0,0,0,0,0,0,0,0,0,0,0,750,0,0,0,3,0,0,29.7,0,0,0,29.7,3,2390,248
docker-library_openjdk,docker build -t /repositories/docker-library_openjdk/15/jdk/alpine,10,true,language,32,1,0,5,1,0,0,0,1,0,0,0,0,0,0,0,0,8,1,0,2,61,0,1,1,1,0,1,1,0,0,0,0,0,69,1690,0,2760,0,0,0,0,0,0,0,0,411,0,0,0,0,0,0,0,0,0,0,0,4861,0,0,1,0,0,0,194560,0,0,0,194560,1,2390,619
docker-library_php,docker build -t docker-library /docker-library_php/base-images/php/7.0/fpm,10,true,language,25,1,0,0,2,0,2,0,1,0,0,1,0,0,0,0,0,7,1,0,0,4,0,1,0,1,0,0,0,0,0,0,0,0,7,0,0,0,0,0,0,0,0,0,0,64,913,0,0,0,0,0,0,0,0,0,0,0,977,2,0,0,0,0,0,0,0,0,0,0,2,2390,294
docker-library_postgres,docker build -t repositories/docker-library_postgres/12/alpine,10,true,database,151,1,0,6,12,1,1,1,1,0,0,1,0,0,0,0,0,24,1,0,5,10,0,0,0,1,0,0,0,0,0,0,0,0,17,0,0,0,0,0,0,0,0,0,0,64,1363,0,0,0,0,0,0,0,0,0,0,0,1427,0,0,3,0,0,0,19865.6,44.3,36.5,0,19946.4,3,2390,963
docker-library_pypy,docker build -t docker-library_pypy docker-library_pypy3.6.,10,true,language,85,1,0,6,3,0,0,0,1,0,0,0,0,0,0,0,0,11,1,0,6,43,0,0,0,1,0,0,0,0,0,0,0,0,51,0,0,0,0,0,105508,0,0,0,0,64,462,0,0,0,0,0,0,0,0,0,0,0,106034,2,0,2,0,0,0,24985.6,1843.3,0,0,26828.9,4,2390,214
docker-library_redis,docker build -t docker-library_redis /repositories/docker-library_redis/6.0-rc/alpine,10,true,redis,81,1,0,3,4,1,1,1,1,1,0,1,0,0,0,0,0,14,1,0,3,44,1,1,1,1,1,0,1,0,0,0,0,0,54,364,0,135591,0,0,162,0,629,0,0,4202,4685,0,0,0,0,0,0,0,0,0,16754,0,162387,0,0,1,0,0,0,9318.4,0,0,0,9318.4,1,2390,206
docker-library_ruby,docker build -t docker-library_ruby docker-library_ruby2.7alpine3.11.,10,true,language,128,1,0,6,4,0,0,0,1,0,0,0,0,0,0,0,0,12,1,0,0,9,0,3,0,4,1,0,1,0,0,0,0,0,19,0,0,0,0,4815,166,0,101117,0,0,367,471,0,0,0,0,0,0,0,0,0,0,0,106936,0,0,2,0,0,0,11673.6,128.6,0,0,11802.2,2,2390,537
docker-library_tomcat,docker build -t docker-library_tomcat docker-library_tomcat9.0jdk8corretto.,10,true,web_component,146,1,0,8,3,0,0,0,1,1,0,1,0,0,0,0,0,15,1,0,3,44,1,1,1,1,1,0,1,0,0,0,0,0,54,0,342110,0,0,0,0,0,0,0,0,315,1335,60132,0,0,0,0,0,0,0,0,0,0,403892,0,1,0,0,0,0,9318.4,0,0,0,9318.4,1,2390,822
docker-library_wordpress,docker build -t docker-library_wordpress docker-library_wordpressphp7.3apache.,10,true,application_platform,111,1,0,2,6,1,1,1,1,0,0,0,0,0,0,0,0,13,1,0,2,70,1,1,1,1,0,0,0,0,0,0,0,0,77,0,0,0,0,0,0,0,0,148,0,64,757,0,0,0,0,0,0,0,0,0,0,0,969,4,1,0,0,0,0,12083.2,0,0,0,12083.2,5,2390,673
docker-solr_docker-solr,docker build -t docker-solr_docker-solr docker-solr_docker-solr8.1.,10,true,application_platform,140,1,2,5,4,1,1,1,1,1,1,1,0,5,0,0,0,24,1,0,7,78,0,0,0,1,0,0,0,0,0,0,0,0,87,0,0,619,0,0,494,0,0,0,0,64,3262,55,0,0,0,0,0,0,0,0,0,0,4494,2,0,6,0,0,0,56.3,125,171008,0,171189.3,8,2390,756
docker_distribution-library-image,docker build -t docker_distribution-library-image distribution-library-imageamd64.,10,true,other,17,1,0,0,1,1,3,1,1,0,0,1,0,0,0,0,0,9,1,0,8,97,0,0,0,2,1,0,1,0,0,0,0,0,110,0,0,24,0,0,0,0,0,0,0,64,1568,1370,0,0,0,0,1637,0,0,0,0,0,4663,0,0,0,0,0,0,0,0,0,0,0,0,2390,22
eclipse_mosquitto,docker build -t eclipse_mosquitto eclipse_mosquittodocker1.6.,10,true,web_component,92,1,1,1,1,1,1,1,1,0,0,1,0,0,0,0,0,9,2,0,4,17,0,3,1,1,1,1,0,1,0,0,0,0,31,1716,461,164569,0,2896,10848,0,0,0,0,134,1640,5554,0,0,0,0,0,0,0,0,0,0,187818,0,0,3,0,0,0,597,597,0,0,1194,3,2390,234
erlang_docker-erlang-otp,docker build -t erlang_docker-erlang-otp erlang_docker-erlang-otp23.,10,true,language,68,1,1,2,3,0,0,0,1,0,0,0,0,0,0,0,0,8,1,1,3,54,0,0,0,1,0,0,0,0,0,0,0,0,60,51890,8061,392151,3435,733,5195,0,0,2,1493377,4327,12149,407745,0,0,9684,0,3586,0,0,0,0,72,2392407,3,3,0,0,0,0,941.5,372,180224,0,181537.5,6,2390,1163
docker-library_memcached,docker build -t docker-library_memcached docker-library_memcacheddebian.,10,true,database,80,1,0,2,4,0,1,1,1,0,1,1,0,0,0,0,0,12,1,0,2,61,0,1,1,1,0,1,1,0,0,0,0,0,69,0,0,20527,0,0,422,0,0,0,0,7068,563,1638,0,0,0,0,0,0,0,0,0,0,30218,4,0,1,0,0,0,1740.8,0,0,0,524,5,2390,130
docker-library_mongo,docker build -t /repositories/docker-library_mongo/3.6,10,true,database,106,1,0,6,8,1,1,1,1,0,0,1,0,2,0,0,0,22,1,0,6,72,1,1,1,1,0,0,1,0,2,0,0,0,86,0,0,0,0,8081,0,0,0,0,0,64,944,0,0,0,0,0,0,0,0,0,0,0,9089,9,0,3,0,0,0,56.3,8089.6,0,0,8145.9,12,2390,542
docker-library_mysql,docker build -t docker-library_mysql docker-library_mysql5.7.,10,true,database,10,1,0,3,9,1,1,1,1,0,0,1,0,0,0,0,0,18,1,0,0,4,0,1,0,1,0,0,0,0,0,0,0,0,7,0,0,0,0,0,0,0,0,0,0,64,686,0,0,0,0,0,0,0,0,0,0,0,750,0,0,0,3,0,0,29.7,0,0,0,29.7,3,2390,235
docker-library_openjdk,docker build -t /repositories/docker-library_openjdk/15/jdk/alpine,10,true,language,32,1,0,5,1,0,0,0,1,0,0,0,0,0,0,0,0,8,1,0,2,61,0,1,1,1,0,1,1,0,0,0,0,0,69,1690,0,2760,0,0,0,0,0,0,0,0,411,0,0,0,0,0,0,0,0,0,0,0,4861,0,0,1,0,0,0,194560,0,0,0,194560,1,2390,607
docker-library_php,docker build -t docker-library /docker-library_php/base-images/php/7.0/fpm,10,true,language,25,1,0,0,2,0,2,0,1,0,0,1,0,0,0,0,0,7,1,0,0,4,0,1,0,1,0,0,0,0,0,0,0,0,7,0,0,0,0,0,0,0,0,0,0,64,913,0,0,0,0,0,0,0,0,0,0,0,977,2,0,0,0,0,0,0,0,0,0,0,2,2390,292
docker-library_postgres,docker build -t repositories/docker-library_postgres/12/alpine,10,true,database,151,1,0,6,12,1,1,1,1,0,0,1,0,0,0,0,0,24,1,0,5,10,0,0,0,1,0,0,0,0,0,0,0,0,17,0,0,0,0,0,0,0,0,0,0,64,1363,0,0,0,0,0,0,0,0,0,0,0,1427,0,0,3,0,0,0,19865.6,44.3,36.5,0,19946.4,3,2390,922
docker-library_pypy,docker build -t docker-library_pypy docker-library_pypy3.6.,10,true,language,85,1,0,6,3,0,0,0,1,0,0,0,0,0,0,0,0,11,1,0,6,43,0,0,0,1,0,0,0,0,0,0,0,0,51,0,0,0,0,0,105508,0,0,0,0,64,462,0,0,0,0,0,0,0,0,0,0,0,106034,2,0,2,0,0,0,24985.6,1843.3,0,0,26828.9,4,2390,1160
docker-library_redis,docker build -t docker-library_redis /repositories/docker-library_redis/6.0-rc/alpine,10,true,redis,81,1,0,3,4,1,1,1,1,1,0,1,0,0,0,0,0,14,1,0,3,44,1,1,1,1,1,0,1,0,0,0,0,0,54,364,0,135591,0,0,162,0,629,0,0,4202,4685,0,0,0,0,0,0,0,0,0,16754,0,162387,0,0,1,0,0,0,9318.4,0,0,0,9318.4,1,2390,204
docker-library_ruby,docker build -t docker-library_ruby docker-library_ruby2.7alpine3.11.,10,true,language,128,1,0,6,4,0,0,0,1,0,0,0,0,0,0,0,0,12,1,0,0,9,0,3,0,4,1,0,1,0,0,0,0,0,19,0,0,0,0,4815,166,0,101117,0,0,367,471,0,0,0,0,0,0,0,0,0,0,0,106936,0,0,2,0,0,0,11673.6,128.6,0,0,11802.2,2,2390,524
docker-library_tomcat,docker build -t docker-library_tomcat docker-library_tomcat9.0jdk8corretto.,10,true,web_component,146,1,0,8,3,0,0,0,1,1,0,1,0,0,0,0,0,15,1,0,3,44,1,1,1,1,1,0,1,0,0,0,0,0,54,0,342110,0,0,0,0,0,0,0,0,315,1335,60132,0,0,0,0,0,0,0,0,0,0,403892,0,1,0,0,0,0,9318.4,0,0,0,9318.4,1,2390,922
docker-library_wordpress,docker build -t docker-library_wordpress docker-library_wordpressphp7.3apache.,10,true,application_platform,111,1,0,2,6,1,1,1,1,0,0,0,0,0,0,0,0,13,1,0,2,70,1,1,1,1,0,0,0,0,0,0,0,0,77,0,0,0,0,0,0,0,0,148,0,64,757,0,0,0,0,0,0,0,0,0,0,0,969,4,1,0,0,0,0,12083.2,0,0,0,12083.2,5,2390,1130
docker-solr_docker-solr,docker build -t docker-solr_docker-solr docker-solr_docker-solr8.1.,10,true,application_platform,140,1,2,5,4,1,1,1,1,1,1,1,0,5,0,0,0,24,1,0,7,78,0,0,0,1,0,0,0,0,0,0,0,0,87,0,0,619,0,0,494,0,0,0,0,64,3262,55,0,0,0,0,0,0,0,0,0,0,4494,2,0,6,0,0,0,56.3,125,171008,0,171189.3,8,2390,875
docker_distribution-library-image,docker build -t docker_distribution-library-image distribution-library-imageamd64.,10,true,other,17,1,0,0,1,1,3,1,1,0,0,1,0,0,0,0,0,9,1,0,8,97,0,0,0,2,1,0,1,0,0,0,0,0,110,0,0,24,0,0,0,0,0,0,0,64,1568,1370,0,0,0,0,1637,0,0,0,0,0,4663,0,0,0,0,0,0,0,0,0,0,0,0,2390,36
eclipse_mosquitto,docker build -t eclipse_mosquitto eclipse_mosquittodocker1.6.,10,true,web_component,92,1,1,1,1,1,1,1,1,0,0,1,0,0,0,0,0,9,2,0,4,17,0,3,1,1,1,1,0,1,0,0,0,0,31,1716,461,164569,0,2896,10848,0,0,0,0,134,1640,5554,0,0,0,0,0,0,0,0,0,0,187818,0,0,3,0,0,0,597,597,0,0,1194,3,2390,277
erlang_docker-erlang-otp,docker build -t erlang_docker-erlang-otp erlang_docker-erlang-otp23.,10,true,language,68,1,1,2,3,0,0,0,1,0,0,0,0,0,0,0,0,8,1,1,3,54,0,0,0,1,0,0,0,0,0,0,0,0,60,51890,8061,392151,3435,733,5195,0,0,2,1493377,4327,12149,407745,0,0,9684,0,3586,0,0,0,0,72,2392407,3,3,0,0,0,0,941.5,372,180224,0,181537.5,6,2390,1230
docker-library_memcached,docker build -t docker-library_memcached docker-library_memcacheddebian.,10,true,database,80,1,0,2,4,0,1,1,1,0,1,1,0,0,0,0,0,12,1,0,2,61,0,1,1,1,0,1,1,0,0,0,0,0,69,0,0,20527,0,0,422,0,0,0,0,7068,563,1638,0,0,0,0,0,0,0,0,0,0,30218,4,0,1,0,0,0,1740.8,0,0,0,524,5,2390,154
docker-library_mongo,docker build -t /repositories/docker-library_mongo/3.6,10,true,database,106,1,0,6,8,1,1,1,1,0,0,1,0,2,0,0,0,22,1,0,6,72,1,1,1,1,0,0,1,0,2,0,0,0,86,0,0,0,0,8081,0,0,0,0,0,64,944,0,0,0,0,0,0,0,0,0,0,0,9089,9,0,3,0,0,0,56.3,8089.6,0,0,8145.9,12,2390,556
docker-library_mysql,docker build -t docker-library_mysql docker-library_mysql5.7.,10,true,database,10,1,0,3,9,1,1,1,1,0,0,1,0,0,0,0,0,18,1,0,0,4,0,1,0,1,0,0,0,0,0,0,0,0,7,0,0,0,0,0,0,0,0,0,0,64,686,0,0,0,0,0,0,0,0,0,0,0,750,0,0,0,3,0,0,29.7,0,0,0,29.7,3,2390,225
docker-library_openjdk,docker build -t /repositories/docker-library_openjdk/15/jdk/alpine,10,true,language,32,1,0,5,1,0,0,0,1,0,0,0,0,0,0,0,0,8,1,0,2,61,0,1,1,1,0,1,1,0,0,0,0,0,69,1690,0,2760,0,0,0,0,0,0,0,0,411,0,0,0,0,0,0,0,0,0,0,0,4861,0,0,1,0,0,0,194560,0,0,0,194560,1,2390,603
docker-library_php,docker build -t docker-library /docker-library_php/base-images/php/7.0/fpm,10,true,language,25,1,0,0,2,0,2,0,1,0,0,1,0,0,0,0,0,7,1,0,0,4,0,1,0,1,0,0,0,0,0,0,0,0,7,0,0,0,0,0,0,0,0,0,0,64,913,0,0,0,0,0,0,0,0,0,0,0,977,2,0,0,0,0,0,0,0,0,0,0,2,2390,295
docker-library_postgres,docker build -t repositories/docker-library_postgres/12/alpine,10,true,database,151,1,0,6,12,1,1,1,1,0,0,1,0,0,0,0,0,24,1,0,5,10,0,0,0,1,0,0,0,0,0,0,0,0,17,0,0,0,0,0,0,0,0,0,0,64,1363,0,0,0,0,0,0,0,0,0,0,0,1427,0,0,3,0,0,0,19865.6,44.3,36.5,0,19946.4,3,2390,918
docker-library_pypy,docker build -t docker-library_pypy docker-library_pypy3.6.,10,true,language,85,1,0,6,3,0,0,0,1,0,0,0,0,0,0,0,0,11,1,0,6,43,0,0,0,1,0,0,0,0,0,0,0,0,51,0,0,0,0,0,105508,0,0,0,0,64,462,0,0,0,0,0,0,0,0,0,0,0,106034,2,0,2,0,0,0,24985.6,1843.3,0,0,26828.9,4,2390,304
docker-library_redis,docker build -t docker-library_redis /repositories/docker-library_redis/6.0-rc/alpine,10,true,redis,81,1,0,3,4,1,1,1,1,1,0,1,0,0,0,0,0,14,1,0,3,44,1,1,1,1,1,0,1,0,0,0,0,0,54,364,0,135591,0,0,162,0,629,0,0,4202,4685,0,0,0,0,0,0,0,0,0,16754,0,162387,0,0,1,0,0,0,9318.4,0,0,0,9318.4,1,2390,203
docker-library_ruby,docker build -t docker-library_ruby docker-library_ruby2.7alpine3.11.,10,true,language,128,1,0,6,4,0,0,0,1,0,0,0,0,0,0,0,0,12,1,0,0,9,0,3,0,4,1,0,1,0,0,0,0,0,19,0,0,0,0,4815,166,0,101117,0,0,367,471,0,0,0,0,0,0,0,0,0,0,0,106936,0,0,2,0,0,0,11673.6,128.6,0,0,11802.2,2,2390,739
docker-library_tomcat,docker build -t docker-library_tomcat docker-library_tomcat9.0jdk8corretto.,10,true,web_component,146,1,0,8,3,0,0,0,1,1,0,1,0,0,0,0,0,15,1,0,3,44,1,1,1,1,1,0,1,0,0,0,0,0,54,0,342110,0,0,0,0,0,0,0,0,315,1335,60132,0,0,0,0,0,0,0,0,0,0,403892,0,1,0,0,0,0,9318.4,0,0,0,9318.4,1,2390,603
docker-library_wordpress,docker build -t docker-library_wordpress docker-library_wordpressphp7.3apache.,10,true,application_platform,111,1,0,2,6,1,1,1,1,0,0,0,0,0,0,0,0,13,1,0,2,70,1,1,1,1,0,0,0,0,0,0,0,0,77,0,0,0,0,0,0,0,0,148,0,64,757,0,0,0,0,0,0,0,0,0,0,0,969,4,1,0,0,0,0,12083.2,0,0,0,12083.2,5,2390,1130
docker-solr_docker-solr,docker build -t docker-solr_docker-solr docker-solr_docker-solr8.1.,10,true,application_platform,140,1,2,5,4,1,1,1,1,1,1,1,0,5,0,0,0,24,1,0,7,78,0,0,0,1,0,0,0,0,0,0,0,0,87,0,0,619,0,0,494,0,0,0,0,64,3262,55,0,0,0,0,0,0,0,0,0,0,4494,2,0,6,0,0,0,56.3,125,171008,0,171189.3,8,2390,860
docker_distribution-library-image,docker build -t docker_distribution-library-image distribution-library-imageamd64.,10,true,other,17,1,0,0,1,1,3,1,1,0,0,1,0,0,0,0,0,9,1,0,8,97,0,0,0,2,1,0,1,0,0,0,0,0,110,0,0,24,0,0,0,0,0,0,0,64,1568,1370,0,0,0,0,1637,0,0,0,0,0,4663,0,0,0,0,0,0,0,0,0,0,0,0,2390,34
eclipse_mosquitto,docker build -t eclipse_mosquitto eclipse_mosquittodocker1.6.,10,true,web_component,92,1,1,1,1,1,1,1,1,0,0,1,0,0,0,0,0,9,2,0,4,17,0,3,1,1,1,1,0,1,0,0,0,0,31,1716,461,164569,0,2896,10848,0,0,0,0,134,1640,5554,0,0,0,0,0,0,0,0,0,0,187818,0,0,3,0,0,0,597,597,0,0,1194,3,2390,324
erlang_docker-erlang-otp,docker build -t erlang_docker-erlang-otp erlang_docker-erlang-otp23.,10,true,language,68,1,1,2,3,0,0,0,1,0,0,0,0,0,0,0,0,8,1,1,3,54,0,0,0,1,0,0,0,0,0,0,0,0,60,51890,8061,392151,3435,733,5195,0,0,2,1493377,4327,12149,407745,0,0,9684,0,3586,0,0,0,0,72,2392407,3,3,0,0,0,0,941.5,372,180224,0,181537.5,6,2390,1872
docker-library_memcached,docker build -t docker-library_memcached docker-library_memcacheddebian.,10,true,database,80,1,0,2,4,0,1,1,1,0,1,1,0,0,0,0,0,12,1,0,2,61,0,1,1,1,0,1,1,0,0,0,0,0,69,0,0,20527,0,0,422,0,0,0,0,7068,563,1638,0,0,0,0,0,0,0,0,0,0,30218,4,0,1,0,0,0,1740.8,0,0,0,524,5,2390,154
docker-library_mongo,docker build -t /repositories/docker-library_mongo/3.6,10,true,database,106,1,0,6,8,1,1,1,1,0,0,1,0,2,0,0,0,22,1,0,6,72,1,1,1,1,0,0,1,0,2,0,0,0,86,0,0,0,0,8081,0,0,0,0,0,64,944,0,0,0,0,0,0,0,0,0,0,0,9089,9,0,3,0,0,0,56.3,8089.6,0,0,8145.9,12,2390,556
docker-library_mysql,docker build -t docker-library_mysql docker-library_mysql5.7.,10,true,database,10,1,0,3,9,1,1,1,1,0,0,1,0,0,0,0,0,18,1,0,0,4,0,1,0,1,0,0,0,0,0,0,0,0,7,0,0,0,0,0,0,0,0,0,0,64,686,0,0,0,0,0,0,0,0,0,0,0,750,0,0,0,3,0,0,29.7,0,0,0,29.7,3,2390,225
docker-library_openjdk,docker build -t /repositories/docker-library_openjdk/15/jdk/alpine,10,true,language,32,1,0,5,1,0,0,0,1,0,0,0,0,0,0,0,0,8,1,0,2,61,0,1,1,1,0,1,1,0,0,0,0,0,69,1690,0,2760,0,0,0,0,0,0,0,0,411,0,0,0,0,0,0,0,0,0,0,0,4861,0,0,1,0,0,0,194560,0,0,0,194560,1,2390,603
docker-library_php,docker build -t docker-library /docker-library_php/base-images/php/7.0/fpm,10,true,language,25,1,0,0,2,0,2,0,1,0,0,1,0,0,0,0,0,7,1,0,0,4,0,1,0,1,0,0,0,0,0,0,0,0,7,0,0,0,0,0,0,0,0,0,0,64,913,0,0,0,0,0,0,0,0,0,0,0,977,2,0,0,0,0,0,0,0,0,0,0,2,2390,295
docker-library_postgres,docker build -t repositories/docker-library_postgres/12/alpine,10,true,database,151,1,0,6,12,1,1,1,1,0,0,1,0,0,0,0,0,24,1,0,5,10,0,0,0,1,0,0,0,0,0,0,0,0,17,0,0,0,0,0,0,0,0,0,0,64,1363,0,0,0,0,0,0,0,0,0,0,0,1427,0,0,3,0,0,0,19865.6,44.3,36.5,0,19946.4,3,2390,918
docker-library_pypy,docker build -t docker-library_pypy docker-library_pypy3.6.,10,true,language,85,1,0,6,3,0,0,0,1,0,0,0,0,0,0,0,0,11,1,0,6,43,0,0,0,1,0,0,0,0,0,0,0,0,51,0,0,0,0,0,105508,0,0,0,0,64,462,0,0,0,0,0,0,0,0,0,0,0,106034,2,0,2,0,0,0,24985.6,1843.3,0,0,26828.9,4,2390,304
docker-library_redis,docker build -t docker-library_redis /repositories/docker-library_redis/6.0-rc/alpine,10,true,redis,81,1,0,3,4,1,1,1,1,1,0,1,0,0,0,0,0,14,1,0,3,44,1,1,1,1,1,0,1,0,0,0,0,0,54,364,0,135591,0,0,162,0,629,0,0,4202,4685,0,0,0,0,0,0,0,0,0,16754,0,162387,0,0,1,0,0,0,9318.4,0,0,0,9318.4,1,2390,203
docker-library_ruby,docker build -t docker-library_ruby docker-library_ruby2.7alpine3.11.,10,true,language,128,1,0,6,4,0,0,0,1,0,0,0,0,0,0,0,0,12,1,0,0,9,0,3,0,4,1,0,1,0,0,0,0,0,19,0,0,0,0,4815,166,0,101117,0,0,367,471,0,0,0,0,0,0,0,0,0,0,0,106936,0,0,2,0,0,0,11673.6,128.6,0,0,11802.2,2,2390,739
docker-library_tomcat,docker build -t docker-library_tomcat docker-library_tomcat9.0jdk8corretto.,10,true,web_component,146,1,0,8,3,0,0,0,1,1,0,1,0,0,0,0,0,15,1,0,3,44,1,1,1,1,1,0,1,0,0,0,0,0,54,0,342110,0,0,0,0,0,0,0,0,315,1335,60132,0,0,0,0,0,0,0,0,0,0,403892,0,1,0,0,0,0,9318.4,0,0,0,9318.4,1,2390,603
docker-library_wordpress,docker build -t docker-library_wordpress docker-library_wordpressphp7.3apache.,10,true,application_platform,111,1,0,2,6,1,1,1,1,0,0,0,0,0,0,0,0,13,1,0,2,70,1,1,1,1,0,0,0,0,0,0,0,0,77,0,0,0,0,0,0,0,0,148,0,64,757,0,0,0,0,0,0,0,0,0,0,0,969,4,1,0,0,0,0,12083.2,0,0,0,12083.2,5,2390,1130
docker-solr_docker-solr,docker build -t docker-solr_docker-solr docker-solr_docker-solr8.1.,10,true,application_platform,140,1,2,5,4,1,1,1,1,1,1,1,0,5,0,0,0,24,1,0,7,78,0,0,0,1,0,0,0,0,0,0,0,0,87,0,0,619,0,0,494,0,0,0,0,64,3262,55,0,0,0,0,0,0,0,0,0,0,4494,2,0,6,0,0,0,56.3,125,171008,0,171189.3,8,2390,860
docker_distribution-library-image,docker build -t docker_distribution-library-image distribution-library-imageamd64.,10,true,other,17,1,0,0,1,1,3,1,1,0,0,1,0,0,0,0,0,9,1,0,8,97,0,0,0,2,1,0,1,0,0,0,0,0,110,0,0,24,0,0,0,0,0,0,0,64,1568,1370,0,0,0,0,1637,0,0,0,0,0,4663,0,0,0,0,0,0,0,0,0,0,0,0,2390,34
eclipse_mosquitto,docker build -t eclipse_mosquitto eclipse_mosquittodocker1.6.,10,true,web_component,92,1,1,1,1,1,1,1,1,0,0,1,0,0,0,0,0,9,2,0,4,17,0,3,1,1,1,1,0,1,0,0,0,0,31,1716,461,164569,0,2896,10848,0,0,0,0,134,1640,5554,0,0,0,0,0,0,0,0,0,0,187818,0,0,3,0,0,0,597,597,0,0,1194,3,2390,324
erlang_docker-erlang-otp,docker build -t erlang_docker-erlang-otp erlang_docker-erlang-otp23.,10,true,language,68,1,1,2,3,0,0,0,1,0,0,0,0,0,0,0,0,8,1,1,3,54,0,0,0,1,0,0,0,0,0,0,0,0,60,51890,8061,392151,3435,733,5195,0,0,2,1493377,4327,12149,407745,0,0,9684,0,3586,0,0,0,0,72,2392407,3,3,0,0,0,0,941.5,372,180224,0,181537.5,6,2390,1872
docker-library_memcached,docker build -t docker-library_memcached docker-library_memcacheddebian.,10,true,database,80,1,0,2,4,0,1,1,1,0,1,1,0,0,0,0,0,12,1,0,2,61,0,1,1,1,0,1,1,0,0,0,0,0,69,0,0,20527,0,0,422,0,0,0,0,7068,563,1638,0,0,0,0,0,0,0,0,0,0,30218,4,0,1,0,0,0,1740.8,0,0,0,524,5,2390,121
docker-library_mongo,docker build -t /repositories/docker-library_mongo/3.6,10,true,database,106,1,0,6,8,1,1,1,1,0,0,1,0,2,0,0,0,22,1,0,6,72,1,1,1,1,0,0,1,0,2,0,0,0,86,0,0,0,0,8081,0,0,0,0,0,64,944,0,0,0,0,0,0,0,0,0,0,0,9089,9,0,3,0,0,0,56.3,8089.6,0,0,8145.9,12,2390,531
docker-library_mysql,docker build -t docker-library_mysql docker-library_mysql5.7.,10,true,database,10,1,0,3,9,1,1,1,1,0,0,1,0,0,0,0,0,18,1,0,0,4,0,1,0,1,0,0,0,0,0,0,0,0,7,0,0,0,0,0,0,0,0,0,0,64,686,0,0,0,0,0,0,0,0,0,0,0,750,0,0,0,3,0,0,29.7,0,0,0,29.7,3,2390,224
docker-library_openjdk,docker build -t /repositories/docker-library_openjdk/15/jdk/alpine,10,true,language,32,1,0,5,1,0,0,0,1,0,0,0,0,0,0,0,0,8,1,0,2,61,0,1,1,1,0,1,1,0,0,0,0,0,69,1690,0,2760,0,0,0,0,0,0,0,0,411,0,0,0,0,0,0,0,0,0,0,0,4861,0,0,1,0,0,0,194560,0,0,0,194560,1,2390,613
docker-library_php,docker build -t docker-library /docker-library_php/base-images/php/7.0/fpm,10,true,language,25,1,0,0,2,0,2,0,1,0,0,1,0,0,0,0,0,7,1,0,0,4,0,1,0,1,0,0,0,0,0,0,0,0,7,0,0,0,0,0,0,0,0,0,0,64,913,0,0,0,0,0,0,0,0,0,0,0,977,2,0,0,0,0,0,0,0,0,0,0,2,2390,316
docker-library_postgres,docker build -t repositories/docker-library_postgres/12/alpine,10,true,database,151,1,0,6,12,1,1,1,1,0,0,1,0,0,0,0,0,24,1,0,5,10,0,0,0,1,0,0,0,0,0,0,0,0,17,0,0,0,0,0,0,0,0,0,0,64,1363,0,0,0,0,0,0,0,0,0,0,0,1427,0,0,3,0,0,0,19865.6,44.3,36.5,0,19946.4,3,2390,920
docker-library_pypy,docker build -t docker-library_pypy docker-library_pypy3.6.,10,true,language,85,1,0,6,3,0,0,0,1,0,0,0,0,0,0,0,0,11,1,0,6,43,0,0,0,1,0,0,0,0,0,0,0,0,51,0,0,0,0,0,105508,0,0,0,0,64,462,0,0,0,0,0,0,0,0,0,0,0,106034,2,0,2,0,0,0,24985.6,1843.3,0,0,26828.9,4,2390,203
docker-library_redis,docker build -t docker-library_redis /repositories/docker-library_redis/6.0-rc/alpine,10,true,redis,81,1,0,3,4,1,1,1,1,1,0,1,0,0,0,0,0,14,1,0,3,44,1,1,1,1,1,0,1,0,0,0,0,0,54,364,0,135591,0,0,162,0,629,0,0,4202,4685,0,0,0,0,0,0,0,0,0,16754,0,162387,0,0,1,0,0,0,9318.4,0,0,0,9318.4,1,2390,204
docker-library_ruby,docker build -t docker-library_ruby docker-library_ruby2.7alpine3.11.,10,true,language,128,1,0,6,4,0,0,0,1,0,0,0,0,0,0,0,0,12,1,0,0,9,0,3,0,4,1,0,1,0,0,0,0,0,19,0,0,0,0,4815,166,0,101117,0,0,367,471,0,0,0,0,0,0,0,0,0,0,0,106936,0,0,2,0,0,0,11673.6,128.6,0,0,11802.2,2,2390,440
docker-library_tomcat,docker build -t docker-library_tomcat docker-library_tomcat9.0jdk8corretto.,10,true,web_component,146,1,0,8,3,0,0,0,1,1,0,1,0,0,0,0,0,15,1,0,3,44,1,1,1,1,1,0,1,0,0,0,0,0,54,0,342110,0,0,0,0,0,0,0,0,315,1335,60132,0,0,0,0,0,0,0,0,0,0,403892,0,1,0,0,0,0,9318.4,0,0,0,9318.4,1,2390,442
docker-library_wordpress,docker build -t docker-library_wordpress docker-library_wordpressphp7.3apache.,10,true,application_platform,111,1,0,2,6,1,1,1,1,0,0,0,0,0,0,0,0,13,1,0,2,70,1,1,1,1,0,0,0,0,0,0,0,0,77,0,0,0,0,0,0,0,0,148,0,64,757,0,0,0,0,0,0,0,0,0,0,0,969,4,1,0,0,0,0,12083.2,0,0,0,12083.2,5,2390,632
docker-solr_docker-solr,docker build -t docker-solr_docker-solr docker-solr_docker-solr8.1.,10,true,application_platform,140,1,2,5,4,1,1,1,1,1,1,1,0,5,0,0,0,24,1,0,7,78,0,0,0,1,0,0,0,0,0,0,0,0,87,0,0,619,0,0,494,0,0,0,0,64,3262,55,0,0,0,0,0,0,0,0,0,0,4494,2,0,6,0,0,0,56.3,125,171008,0,171189.3,8,2390,632
docker_distribution-library-image,docker build -t docker_distribution-library-image distribution-library-imageamd64.,10,true,other,17,1,0,0,1,1,3,1,1,0,0,1,0,0,0,0,0,9,1,0,8,97,0,0,0,2,1,0,1,0,0,0,0,0,110,0,0,24,0,0,0,0,0,0,0,64,1568,1370,0,0,0,0,1637,0,0,0,0,0,4663,0,0,0,0,0,0,0,0,0,0,0,0,2390,23
eclipse_mosquitto,docker build -t eclipse_mosquitto eclipse_mosquittodocker1.6.,10,true,web_component,92,1,1,1,1,1,1,1,1,0,0,1,0,0,0,0,0,9,2,0,4,17,0,3,1,1,1,1,0,1,0,0,0,0,31,1716,461,164569,0,2896,10848,0,0,0,0,134,1640,5554,0,0,0,0,0,0,0,0,0,0,187818,0,0,3,0,0,0,597,597,0,0,1194,3,2390,210
erlang_docker-erlang-otp,docker build -t erlang_docker-erlang-otp erlang_docker-erlang-otp23.,10,true,language,68,1,1,2,3,0,0,0,1,0,0,0,0,0,0,0,0,8,1,1,3,54,0,0,0,1,0,0,0,0,0,0,0,0,60,51890,8061,392151,3435,733,5195,0,0,2,1493377,4327,12149,407745,0,0,9684,0,3586,0,0,0,0,72,2392407,3,3,0,0,0,0,941.5,372,180224,0,181537.5,6,2390,1144
docker-library_memcached,docker build -t docker-library_memcached docker-library_memcacheddebian.,10,true,database,80,1,0,2,4,0,1,1,1,0,1,1,0,0,0,0,0,12,1,0,2,61,0,1,1,1,0,1,1,0,0,0,0,0,69,0,0,20527,0,0,422,0,0,0,0,7068,563,1638,0,0,0,0,0,0,0,0,0,0,30218,4,0,1,0,0,0,1740.8,0,0,0,524,5,2390,123
docker-library_mongo,docker build -t /repositories/docker-library_mongo/3.6,10,true,database,106,1,0,6,8,1,1,1,1,0,0,1,0,2,0,0,0,22,1,0,6,72,1,1,1,1,0,0,1,0,2,0,0,0,86,0,0,0,0,8081,0,0,0,0,0,64,944,0,0,0,0,0,0,0,0,0,0,0,9089,9,0,3,0,0,0,56.3,8089.6,0,0,8145.9,12,2390,540
docker-library_mysql,docker build -t docker-library_mysql docker-library_mysql5.7.,10,true,database,10,1,0,3,9,1,1,1,1,0,0,1,0,0,0,0,0,18,1,0,0,4,0,1,0,1,0,0,0,0,0,0,0,0,7,0,0,0,0,0,0,0,0,0,0,64,686,0,0,0,0,0,0,0,0,0,0,0,750,0,0,0,3,0,0,29.7,0,0,0,29.7,3,2390,231
docker-library_openjdk,docker build -t /repositories/docker-library_openjdk/15/jdk/alpine,10,true,language,32,1,0,5,1,0,0,0,1,0,0,0,0,0,0,0,0,8,1,0,2,61,0,1,1,1,0,1,1,0,0,0,0,0,69,1690,0,2760,0,0,0,0,0,0,0,0,411,0,0,0,0,0,0,0,0,0,0,0,4861,0,0,1,0,0,0,194560,0,0,0,194560,1,2390,625
docker-library_php,docker build -t docker-library /docker-library_php/base-images/php/7.0/fpm,10,true,language,25,1,0,0,2,0,2,0,1,0,0,1,0,0,0,0,0,7,1,0,0,4,0,1,0,1,0,0,0,0,0,0,0,0,7,0,0,0,0,0,0,0,0,0,0,64,913,0,0,0,0,0,0,0,0,0,0,0,977,2,0,0,0,0,0,0,0,0,0,0,2,2390,296
docker-library_postgres,docker build -t repositories/docker-library_postgres/12/alpine,10,true,database,151,1,0,6,12,1,1,1,1,0,0,1,0,0,0,0,0,24,1,0,5,10,0,0,0,1,0,0,0,0,0,0,0,0,17,0,0,0,0,0,0,0,0,0,0,64,1363,0,0,0,0,0,0,0,0,0,0,0,1427,0,0,3,0,0,0,19865.6,44.3,36.5,0,19946.4,3,2390,926
docker-library_pypy,docker build -t docker-library_pypy docker-library_pypy3.6.,10,true,language,85,1,0,6,3,0,0,0,1,0,0,0,0,0,0,0,0,11,1,0,6,43,0,0,0,1,0,0,0,0,0,0,0,0,51,0,0,0,0,0,105508,0,0,0,0,64,462,0,0,0,0,0,0,0,0,0,0,0,106034,2,0,2,0,0,0,24985.6,1843.3,0,0,26828.9,4,2390,198
docker-library_redis,docker build -t docker-library_redis /repositories/docker-library_redis/6.0-rc/alpine,10,true,redis,81,1,0,3,4,1,1,1,1,1,0,1,0,0,0,0,0,14,1,0,3,44,1,1,1,1,1,0,1,0,0,0,0,0,54,364,0,135591,0,0,162,0,629,0,0,4202,4685,0,0,0,0,0,0,0,0,0,16754,0,162387,0,0,1,0,0,0,9318.4,0,0,0,9318.4,1,2390,203
docker-library_ruby,docker build -t docker-library_ruby docker-library_ruby2.7alpine3.11.,10,true,language,128,1,0,6,4,0,0,0,1,0,0,0,0,0,0,0,0,12,1,0,0,9,0,3,0,4,1,0,1,0,0,0,0,0,19,0,0,0,0,4815,166,0,101117,0,0,367,471,0,0,0,0,0,0,0,0,0,0,0,106936,0,0,2,0,0,0,11673.6,128.6,0,0,11802.2,2,2390,441
docker-library_tomcat,docker build -t docker-library_tomcat docker-library_tomcat9.0jdk8corretto.,10,true,web_component,146,1,0,8,3,0,0,0,1,1,0,1,0,0,0,0,0,15,1,0,3,44,1,1,1,1,1,0,1,0,0,0,0,0,54,0,342110,0,0,0,0,0,0,0,0,315,1335,60132,0,0,0,0,0,0,0,0,0,0,403892,0,1,0,0,0,0,9318.4,0,0,0,9318.4,1,2390,413
docker-library_wordpress,docker build -t docker-library_wordpress docker-library_wordpressphp7.3apache.,10,true,application_platform,111,1,0,2,6,1,1,1,1,0,0,0,0,0,0,0,0,13,1,0,2,70,1,1,1,1,0,0,0,0,0,0,0,0,77,0,0,0,0,0,0,0,0,148,0,64,757,0,0,0,0,0,0,0,0,0,0,0,969,4,1,0,0,0,0,12083.2,0,0,0,12083.2,5,2390,631
docker-solr_docker-solr,docker build -t docker-solr_docker-solr docker-solr_docker-solr8.1.,10,true,application_platform,140,1,2,5,4,1,1,1,1,1,1,1,0,5,0,0,0,24,1,0,7,78,0,0,0,1,0,0,0,0,0,0,0,0,87,0,0,619,0,0,494,0,0,0,0,64,3262,55,0,0,0,0,0,0,0,0,0,0,4494,2,0,6,0,0,0,56.3,125,171008,0,171189.3,8,2390,636
docker_distribution-library-image,docker build -t docker_distribution-library-image distribution-library-imageamd64.,10,true,other,17,1,0,0,1,1,3,1,1,0,0,1,0,0,0,0,0,9,1,0,8,97,0,0,0,2,1,0,1,0,0,0,0,0,110,0,0,24,0,0,0,0,0,0,0,64,1568,1370,0,0,0,0,1637,0,0,0,0,0,4663,0,0,0,0,0,0,0,0,0,0,0,0,2390,23
eclipse_mosquitto,docker build -t eclipse_mosquitto eclipse_mosquittodocker1.6.,10,true,web_component,92,1,1,1,1,1,1,1,1,0,0,1,0,0,0,0,0,9,2,0,4,17,0,3,1,1,1,1,0,1,0,0,0,0,31,1716,461,164569,0,2896,10848,0,0,0,0,134,1640,5554,0,0,0,0,0,0,0,0,0,0,187818,0,0,3,0,0,0,597,597,0,0,1194,3,2390,202
erlang_docker-erlang-otp,docker build -t erlang_docker-erlang-otp erlang_docker-erlang-otp23.,10,true,language,68,1,1,2,3,0,0,0,1,0,0,0,0,0,0,0,0,8,1,1,3,54,0,0,0,1,0,0,0,0,0,0,0,0,60,51890,8061,392151,3435,733,5195,0,0,2,1493377,4327,12149,407745,0,0,9684,0,3586,0,0,0,0,72,2392407,3,3,0,0,0,0,941.5,372,180224,0,181537.5,6,2390,1160
docker-library_memcached,docker build -t docker-library_memcached docker-library_memcacheddebian.,10,true,database,80,1,0,2,4,0,1,1,1,0,1,1,0,0,0,0,0,12,1,0,2,61,0,1,1,1,0,1,1,0,0,0,0,0,69,0,0,20527,0,0,422,0,0,0,0,7068,563,1638,0,0,0,0,0,0,0,0,0,0,30218,4,0,1,0,0,0,1740.8,0,0,0,524,5,2390,121
docker-library_mongo,docker build -t /repositories/docker-library_mongo/3.6,10,true,database,106,1,0,6,8,1,1,1,1,0,0,1,0,2,0,0,0,22,1,0,6,72,1,1,1,1,0,0,1,0,2,0,0,0,86,0,0,0,0,8081,0,0,0,0,0,64,944,0,0,0,0,0,0,0,0,0,0,0,9089,9,0,3,0,0,0,56.3,8089.6,0,0,8145.9,12,2390,538
docker-library_mysql,docker build -t docker-library_mysql docker-library_mysql5.7.,10,true,database,10,1,0,3,9,1,1,1,1,0,0,1,0,0,0,0,0,18,1,0,0,4,0,1,0,1,0,0,0,0,0,0,0,0,7,0,0,0,0,0,0,0,0,0,0,64,686,0,0,0,0,0,0,0,0,0,0,0,750,0,0,0,3,0,0,29.7,0,0,0,29.7,3,2390,223
docker-library_openjdk,docker build -t /repositories/docker-library_openjdk/15/jdk/alpine,10,true,language,32,1,0,5,1,0,0,0,1,0,0,0,0,0,0,0,0,8,1,0,2,61,0,1,1,1,0,1,1,0,0,0,0,0,69,1690,0,2760,0,0,0,0,0,0,0,0,411,0,0,0,0,0,0,0,0,0,0,0,4861,0,0,1,0,0,0,194560,0,0,0,194560,1,2390,710
docker-library_php,docker build -t docker-library /docker-library_php/base-images/php/7.0/fpm,10,true,language,25,1,0,0,2,0,2,0,1,0,0,1,0,0,0,0,0,7,1,0,0,4,0,1,0,1,0,0,0,0,0,0,0,0,7,0,0,0,0,0,0,0,0,0,0,64,913,0,0,0,0,0,0,0,0,0,0,0,977,2,0,0,0,0,0,0,0,0,0,0,2,2390,297
docker-library_postgres,docker build -t repositories/docker-library_postgres/12/alpine,10,true,database,151,1,0,6,12,1,1,1,1,0,0,1,0,0,0,0,0,24,1,0,5,10,0,0,0,1,0,0,0,0,0,0,0,0,17,0,0,0,0,0,0,0,0,0,0,64,1363,0,0,0,0,0,0,0,0,0,0,0,1427,0,0,3,0,0,0,19865.6,44.3,36.5,0,19946.4,3,2390,960
docker-library_pypy,docker build -t docker-library_pypy docker-library_pypy3.6.,10,true,language,85,1,0,6,3,0,0,0,1,0,0,0,0,0,0,0,0,11,1,0,6,43,0,0,0,1,0,0,0,0,0,0,0,0,51,0,0,0,0,0,105508,0,0,0,0,64,462,0,0,0,0,0,0,0,0,0,0,0,106034,2,0,2,0,0,0,24985.6,1843.3,0,0,26828.9,4,2390,213
docker-library_redis,docker build -t docker-library_redis /repositories/docker-library_redis/6.0-rc/alpine,10,true,redis,81,1,0,3,4,1,1,1,1,1,0,1,0,0,0,0,0,14,1,0,3,44,1,1,1,1,1,0,1,0,0,0,0,0,54,364,0,135591,0,0,162,0,629,0,0,4202,4685,0,0,0,0,0,0,0,0,0,16754,0,162387,0,0,1,0,0,0,9318.4,0,0,0,9318.4,1,2390,204
docker-library_ruby,docker build -t docker-library_ruby docker-library_ruby2.7alpine3.11.,10,true,language,128,1,0,6,4,0,0,0,1,0,0,0,0,0,0,0,0,12,1,0,0,9,0,3,0,4,1,0,1,0,0,0,0,0,19,0,0,0,0,4815,166,0,101117,0,0,367,471,0,0,0,0,0,0,0,0,0,0,0,106936,0,0,2,0,0,0,11673.6,128.6,0,0,11802.2,2,2390,536
docker-library_tomcat,docker build -t docker-library_tomcat docker-library_tomcat9.0jdk8corretto.,10,true,web_component,146,1,0,8,3,0,0,0,1,1,0,1,0,0,0,0,0,15,1,0,3,44,1,1,1,1,1,0,1,0,0,0,0,0,54,0,342110,0,0,0,0,0,0,0,0,315,1335,60132,0,0,0,0,0,0,0,0,0,0,403892,0,1,0,0,0,0,9318.4,0,0,0,9318.4,1,2390,457
docker-library_wordpress,docker build -t docker-library_wordpress docker-library_wordpressphp7.3apache.,10,true,application_platform,111,1,0,2,6,1,1,1,1,0,0,0,0,0,0,0,0,13,1,0,2,70,1,1,1,1,0,0,0,0,0,0,0,0,77,0,0,0,0,0,0,0,0,148,0,64,757,0,0,0,0,0,0,0,0,0,0,0,969,4,1,0,0,0,0,12083.2,0,0,0,12083.2,5,2390,697
docker-solr_docker-solr,docker build -t docker-solr_docker-solr docker-solr_docker-solr8.1.,10,true,application_platform,140,1,2,5,4,1,1,1,1,1,1,1,0,5,0,0,0,24,1,0,7,78,0,0,0,1,0,0,0,0,0,0,0,0,87,0,0,619,0,0,494,0,0,0,0,64,3262,55,0,0,0,0,0,0,0,0,0,0,4494,2,0,6,0,0,0,56.3,125,171008,0,171189.3,8,2390,637
docker_distribution-library-image,docker build -t docker_distribution-library-image distribution-library-imageamd64.,10,true,other,17,1,0,0,1,1,3,1,1,0,0,1,0,0,0,0,0,9,1,0,8,97,0,0,0,2,1,0,1,0,0,0,0,0,110,0,0,24,0,0,0,0,0,0,0,64,1568,1370,0,0,0,0,1637,0,0,0,0,0,4663,0,0,0,0,0,0,0,0,0,0,0,0,2390,23
eclipse_mosquitto,docker build -t eclipse_mosquitto eclipse_mosquittodocker1.6.,10,true,web_component,92,1,1,1,1,1,1,1,1,0,0,1,0,0,0,0,0,9,2,0,4,17,0,3,1,1,1,1,0,1,0,0,0,0,31,1716,461,164569,0,2896,10848,0,0,0,0,134,1640,5554,0,0,0,0,0,0,0,0,0,0,187818,0,0,3,0,0,0,597,597,0,0,1194,3,2390,205
erlang_docker-erlang-otp,docker build -t erlang_docker-erlang-otp erlang_docker-erlang-otp23.,10,true,language,68,1,1,2,3,0,0,0,1,0,0,0,0,0,0,0,0,8,1,1,3,54,0,0,0,1,0,0,0,0,0,0,0,0,60,51890,8061,392151,3435,733,5195,0,0,2,1493377,4327,12149,407745,0,0,9684,0,3586,0,0,0,0,72,2392407,3,3,0,0,0,0,941.5,372,180224,0,181537.5,6,2390,1124
docker-library_memcached,docker build -t docker-library_memcached docker-library_memcacheddebian.,10,true,database,80,1,0,2,4,0,1,1,1,0,1,1,0,0,0,0,0,12,1,0,2,61,0,1,1,1,0,1,1,0,0,0,0,0,69,0,0,20527,0,0,422,0,0,0,0,7068,563,1638,0,0,0,0,0,0,0,0,0,0,30218,4,0,1,0,0,0,1740.8,0,0,0,524,5,2390,157
docker-library_mongo,docker build -t /repositories/docker-library_mongo/3.6,10,true,database,106,1,0,6,8,1,1,1,1,0,0,1,0,2,0,0,0,22,1,0,6,72,1,1,1,1,0,0,1,0,2,0,0,0,86,0,0,0,0,8081,0,0,0,0,0,64,944,0,0,0,0,0,0,0,0,0,0,0,9089,9,0,3,0,0,0,56.3,8089.6,0,0,8145.9,12,2390,538
docker-library_mysql,docker build -t docker-library_mysql docker-library_mysql5.7.,10,true,database,10,1,0,3,9,1,1,1,1,0,0,1,0,0,0,0,0,18,1,0,0,4,0,1,0,1,0,0,0,0,0,0,0,0,7,0,0,0,0,0,0,0,0,0,0,64,686,0,0,0,0,0,0,0,0,0,0,0,750,0,0,0,3,0,0,29.7,0,0,0,29.7,3,2390,224
docker-library_openjdk,docker build -t /repositories/docker-library_openjdk/15/jdk/alpine,10,true,language,32,1,0,5,1,0,0,0,1,0,0,0,0,0,0,0,0,8,1,0,2,61,0,1,1,1,0,1,1,0,0,0,0,0,69,1690,0,2760,0,0,0,0,0,0,0,0,411,0,0,0,0,0,0,0,0,0,0,0,4861,0,0,1,0,0,0,194560,0,0,0,194560,1,2390,760
docker-library_php,docker build -t docker-library /docker-library_php/base-images/php/7.0/fpm,10,true,language,25,1,0,0,2,0,2,0,1,0,0,1,0,0,0,0,0,7,1,0,0,4,0,1,0,1,0,0,0,0,0,0,0,0,7,0,0,0,0,0,0,0,0,0,0,64,913,0,0,0,0,0,0,0,0,0,0,0,977,2,0,0,0,0,0,0,0,0,0,0,2,2390,294
docker-library_postgres,docker build -t repositories/docker-library_postgres/12/alpine,10,true,database,151,1,0,6,12,1,1,1,1,0,0,1,0,0,0,0,0,24,1,0,5,10,0,0,0,1,0,0,0,0,0,0,0,0,17,0,0,0,0,0,0,0,0,0,0,64,1363,0,0,0,0,0,0,0,0,0,0,0,1427,0,0,3,0,0,0,19865.6,44.3,36.5,0,19946.4,3,2390,933
docker-library_pypy,docker build -t docker-library_pypy docker-library_pypy3.6.,10,true,language,85,1,0,6,3,0,0,0,1,0,0,0,0,0,0,0,0,11,1,0,6,43,0,0,0,1,0,0,0,0,0,0,0,0,51,0,0,0,0,0,105508,0,0,0,0,64,462,0,0,0,0,0,0,0,0,0,0,0,106034,2,0,2,0,0,0,24985.6,1843.3,0,0,26828.9,4,2390,201
docker-library_redis,docker build -t docker-library_redis /repositories/docker-library_redis/6.0-rc/alpine,10,true,redis,81,1,0,3,4,1,1,1,1,1,0,1,0,0,0,0,0,14,1,0,3,44,1,1,1,1,1,0,1,0,0,0,0,0,54,364,0,135591,0,0,162,0,629,0,0,4202,4685,0,0,0,0,0,0,0,0,0,16754,0,162387,0,0,1,0,0,0,9318.4,0,0,0,9318.4,1,2390,204
docker-library_ruby,docker build -t docker-library_ruby docker-library_ruby2.7alpine3.11.,10,true,language,128,1,0,6,4,0,0,0,1,0,0,0,0,0,0,0,0,12,1,0,0,9,0,3,0,4,1,0,1,0,0,0,0,0,19,0,0,0,0,4815,166,0,101117,0,0,367,471,0,0,0,0,0,0,0,0,0,0,0,106936,0,0,2,0,0,0,11673.6,128.6,0,0,11802.2,2,2390,443
docker-library_tomcat,docker build -t docker-library_tomcat docker-library_tomcat9.0jdk8corretto.,10,true,web_component,146,1,0,8,3,0,0,0,1,1,0,1,0,0,0,0,0,15,1,0,3,44,1,1,1,1,1,0,1,0,0,0,0,0,54,0,342110,0,0,0,0,0,0,0,0,315,1335,60132,0,0,0,0,0,0,0,0,0,0,403892,0,1,0,0,0,0,9318.4,0,0,0,9318.4,1,2390,419
docker-library_wordpress,docker build -t docker-library_wordpress docker-library_wordpressphp7.3apache.,10,true,application_platform,111,1,0,2,6,1,1,1,1,0,0,0,0,0,0,0,0,13,1,0,2,70,1,1,1,1,0,0,0,0,0,0,0,0,77,0,0,0,0,0,0,0,0,148,0,64,757,0,0,0,0,0,0,0,0,0,0,0,969,4,1,0,0,0,0,12083.2,0,0,0,12083.2,5,2390,694
docker-solr_docker-solr,docker build -t docker-solr_docker-solr docker-solr_docker-solr8.1.,10,true,application_platform,140,1,2,5,4,1,1,1,1,1,1,1,0,5,0,0,0,24,1,0,7,78,0,0,0,1,0,0,0,0,0,0,0,0,87,0,0,619,0,0,494,0,0,0,0,64,3262,55,0,0,0,0,0,0,0,0,0,0,4494,2,0,6,0,0,0,56.3,125,171008,0,171189.3,8,2390,654
docker_distribution-library-image,docker build -t docker_distribution-library-image distribution-library-imageamd64.,10,true,other,17,1,0,0,1,1,3,1,1,0,0,1,0,0,0,0,0,9,1,0,8,97,0,0,0,2,1,0,1,0,0,0,0,0,110,0,0,24,0,0,0,0,0,0,0,64,1568,1370,0,0,0,0,1637,0,0,0,0,0,4663,0,0,0,0,0,0,0,0,0,0,0,0,2390,24
eclipse_mosquitto,docker build -t eclipse_mosquitto eclipse_mosquittodocker1.6.,10,true,web_component,92,1,1,1,1,1,1,1,1,0,0,1,0,0,0,0,0,9,2,0,4,17,0,3,1,1,1,1,0,1,0,0,0,0,31,1716,461,164569,0,2896,10848,0,0,0,0,134,1640,5554,0,0,0,0,0,0,0,0,0,0,187818,0,0,3,0,0,0,597,597,0,0,1194,3,2390,204
erlang_docker-erlang-otp,docker build -t erlang_docker-erlang-otp erlang_docker-erlang-otp23.,10,true,language,68,1,1,2,3,0,0,0,1,0,0,0,0,0,0,0,0,8,1,1,3,54,0,0,0,1,0,0,0,0,0,0,0,0,60,51890,8061,392151,3435,733,5195,0,0,2,1493377,4327,12149,407745,0,0,9684,0,3586,0,0,0,0,72,2392407,3,3,0,0,0,0,941.5,372,180224,0,181537.5,6,2390,1144
docker-library_memcached,docker build -t docker-library_memcached docker-library_memcacheddebian.,10,true,database,80,1,0,2,4,0,1,1,1,0,1,1,0,0,0,0,0,12,1,0,2,61,0,1,1,1,0,1,1,0,0,0,0,0,69,0,0,20527,0,0,422,0,0,0,0,7068,563,1638,0,0,0,0,0,0,0,0,0,0,30218,4,0,1,0,0,0,1740.8,0,0,0,524,5,2390,185
docker-library_mongo,docker build -t /repositories/docker-library_mongo/3.6,10,true,database,106,1,0,6,8,1,1,1,1,0,0,1,0,2,0,0,0,22,1,0,6,72,1,1,1,1,0,0,1,0,2,0,0,0,86,0,0,0,0,8081,0,0,0,0,0,64,944,0,0,0,0,0,0,0,0,0,0,0,9089,9,0,3,0,0,0,56.3,8089.6,0,0,8145.9,12,2390,531
docker-library_mysql,docker build -t docker-library_mysql docker-library_mysql5.7.,10,true,database,10,1,0,3,9,1,1,1,1,0,0,1,0,0,0,0,0,18,1,0,0,4,0,1,0,1,0,0,0,0,0,0,0,0,7,0,0,0,0,0,0,0,0,0,0,64,686,0,0,0,0,0,0,0,0,0,0,0,750,0,0,0,3,0,0,29.7,0,0,0,29.7,3,2390,223
docker-library_openjdk,docker build -t /repositories/docker-library_openjdk/15/jdk/alpine,10,true,language,32,1,0,5,1,0,0,0,1,0,0,0,0,0,0,0,0,8,1,0,2,61,0,1,1,1,0,1,1,0,0,0,0,0,69,1690,0,2760,0,0,0,0,0,0,0,0,411,0,0,0,0,0,0,0,0,0,0,0,4861,0,0,1,0,0,0,194560,0,0,0,194560,1,2390,627
docker-library_php,docker build -t docker-library /docker-library_php/base-images/php/7.0/fpm,10,true,language,25,1,0,0,2,0,2,0,1,0,0,1,0,0,0,0,0,7,1,0,0,4,0,1,0,1,0,0,0,0,0,0,0,0,7,0,0,0,0,0,0,0,0,0,0,64,913,0,0,0,0,0,0,0,0,0,0,0,977,2,0,0,0,0,0,0,0,0,0,0,2,2390,294
docker-library_postgres,docker build -t repositories/docker-library_postgres/12/alpine,10,true,database,151,1,0,6,12,1,1,1,1,0,0,1,0,0,0,0,0,24,1,0,5,10,0,0,0,1,0,0,0,0,0,0,0,0,17,0,0,0,0,0,0,0,0,0,0,64,1363,0,0,0,0,0,0,0,0,0,0,0,1427,0,0,3,0,0,0,19865.6,44.3,36.5,0,19946.4,3,2390,908
docker-library_pypy,docker build -t docker-library_pypy docker-library_pypy3.6.,10,true,language,85,1,0,6,3,0,0,0,1,0,0,0,0,0,0,0,0,11,1,0,6,43,0,0,0,1,0,0,0,0,0,0,0,0,51,0,0,0,0,0,105508,0,0,0,0,64,462,0,0,0,0,0,0,0,0,0,0,0,106034,2,0,2,0,0,0,24985.6,1843.3,0,0,26828.9,4,2390,215
docker-library_redis,docker build -t docker-library_redis /repositories/docker-library_redis/6.0-rc/alpine,10,true,redis,81,1,0,3,4,1,1,1,1,1,0,1,0,0,0,0,0,14,1,0,3,44,1,1,1,1,1,0,1,0,0,0,0,0,54,364,0,135591,0,0,162,0,629,0,0,4202,4685,0,0,0,0,0,0,0,0,0,16754,0,162387,0,0,1,0,0,0,9318.4,0,0,0,9318.4,1,2390,205
docker-library_ruby,docker build -t docker-library_ruby docker-library_ruby2.7alpine3.11.,10,true,language,128,1,0,6,4,0,0,0,1,0,0,0,0,0,0,0,0,12,1,0,0,9,0,3,0,4,1,0,1,0,0,0,0,0,19,0,0,0,0,4815,166,0,101117,0,0,367,471,0,0,0,0,0,0,0,0,0,0,0,106936,0,0,2,0,0,0,11673.6,128.6,0,0,11802.2,2,2390,504
docker-library_tomcat,docker build -t docker-library_tomcat docker-library_tomcat9.0jdk8corretto.,10,true,web_component,146,1,0,8,3,0,0,0,1,1,0,1,0,0,0,0,0,15,1,0,3,44,1,1,1,1,1,0,1,0,0,0,0,0,54,0,342110,0,0,0,0,0,0,0,0,315,1335,60132,0,0,0,0,0,0,0,0,0,0,403892,0,1,0,0,0,0,9318.4,0,0,0,9318.4,1,2390,1337
docker-library_wordpress,docker build -t docker-library_wordpress docker-library_wordpressphp7.3apache.,10,true,application_platform,111,1,0,2,6,1,1,1,1,0,0,0,0,0,0,0,0,13,1,0,2,70,1,1,1,1,0,0,0,0,0,0,0,0,77,0,0,0,0,0,0,0,0,148,0,64,757,0,0,0,0,0,0,0,0,0,0,0,969,4,1,0,0,0,0,12083.2,0,0,0,12083.2,5,2390,693
docker-solr_docker-solr,docker build -t docker-solr_docker-solr docker-solr_docker-solr8.1.,10,true,application_platform,140,1,2,5,4,1,1,1,1,1,1,1,0,5,0,0,0,24,1,0,7,78,0,0,0,1,0,0,0,0,0,0,0,0,87,0,0,619,0,0,494,0,0,0,0,64,3262,55,0,0,0,0,0,0,0,0,0,0,4494,2,0,6,0,0,0,56.3,125,171008,0,171189.3,8,2390,765
docker_distribution-library-image,docker build -t docker_distribution-library-image distribution-library-imageamd64.,10,true,other,17,1,0,0,1,1,3,1,1,0,0,1,0,0,0,0,0,9,1,0,8,97,0,0,0,2,1,0,1,0,0,0,0,0,110,0,0,24,0,0,0,0,0,0,0,64,1568,1370,0,0,0,0,1637,0,0,0,0,0,4663,0,0,0,0,0,0,0,0,0,0,0,0,2390,23
eclipse_mosquitto,docker build -t eclipse_mosquitto eclipse_mosquittodocker1.6.,10,true,web_component,92,1,1,1,1,1,1,1,1,0,0,1,0,0,0,0,0,9,2,0,4,17,0,3,1,1,1,1,0,1,0,0,0,0,31,1716,461,164569,0,2896,10848,0,0,0,0,134,1640,5554,0,0,0,0,0,0,0,0,0,0,187818,0,0,3,0,0,0,597,597,0,0,1194,3,2390,236
erlang_docker-erlang-otp,docker build -t erlang_docker-erlang-otp erlang_docker-erlang-otp23.,10,true,language,68,1,1,2,3,0,0,0,1,0,0,0,0,0,0,0,0,8,1,1,3,54,0,0,0,1,0,0,0,0,0,0,0,0,60,51890,8061,392151,3435,733,5195,0,0,2,1493377,4327,12149,407745,0,0,9684,0,3586,0,0,0,0,72,2392407,3,3,0,0,0,0,941.5,372,180224,0,181537.5,6,2390,1172
docker-library_memcached,docker build -t docker-library_memcached docker-library_memcacheddebian.,10,true,database,80,1,0,2,4,0,1,1,1,0,1,1,0,0,0,0,0,12,1,0,2,61,0,1,1,1,0,1,1,0,0,0,0,0,69,0,0,20527,0,0,422,0,0,0,0,7068,563,1638,0,0,0,0,0,0,0,0,0,0,30218,4,0,1,0,0,0,1740.8,0,0,0,524,5,2390,134
docker-library_mongo,docker build -t /repositories/docker-library_mongo/3.6,10,true,database,106,1,0,6,8,1,1,1,1,0,0,1,0,2,0,0,0,22,1,0,6,72,1,1,1,1,0,0,1,0,2,0,0,0,86,0,0,0,0,8081,0,0,0,0,0,64,944,0,0,0,0,0,0,0,0,0,0,0,9089,9,0,3,0,0,0,56.3,8089.6,0,0,8145.9,12,2390,536
docker-library_mysql,docker build -t docker-library_mysql docker-library_mysql5.7.,10,true,database,10,1,0,3,9,1,1,1,1,0,0,1,0,0,0,0,0,18,1,0,0,4,0,1,0,1,0,0,0,0,0,0,0,0,7,0,0,0,0,0,0,0,0,0,0,64,686,0,0,0,0,0,0,0,0,0,0,0,750,0,0,0,3,0,0,29.7,0,0,0,29.7,3,2390,224
docker-library_openjdk,docker build -t /repositories/docker-library_openjdk/15/jdk/alpine,10,true,language,32,1,0,5,1,0,0,0,1,0,0,0,0,0,0,0,0,8,1,0,2,61,0,1,1,1,0,1,1,0,0,0,0,0,69,1690,0,2760,0,0,0,0,0,0,0,0,411,0,0,0,0,0,0,0,0,0,0,0,4861,0,0,1,0,0,0,194560,0,0,0,194560,1,2390,624
docker-library_php,docker build -t docker-library /docker-library_php/base-images/php/7.0/fpm,10,true,language,25,1,0,0,2,0,2,0,1,0,0,1,0,0,0,0,0,7,1,0,0,4,0,1,0,1,0,0,0,0,0,0,0,0,7,0,0,0,0,0,0,0,0,0,0,64,913,0,0,0,0,0,0,0,0,0,0,0,977,2,0,0,0,0,0,0,0,0,0,0,2,2390,294
docker-library_postgres,docker build -t repositories/docker-library_postgres/12/alpine,10,true,database,151,1,0,6,12,1,1,1,1,0,0,1,0,0,0,0,0,24,1,0,5,10,0,0,0,1,0,0,0,0,0,0,0,0,17,0,0,0,0,0,0,0,0,0,0,64,1363,0,0,0,0,0,0,0,0,0,0,0,1427,0,0,3,0,0,0,19865.6,44.3,36.5,0,19946.4,3,2390,931
docker-library_pypy,docker build -t docker-library_pypy docker-library_pypy3.6.,10,true,language,85,1,0,6,3,0,0,0,1,0,0,0,0,0,0,0,0,11,1,0,6,43,0,0,0,1,0,0,0,0,0,0,0,0,51,0,0,0,0,0,105508,0,0,0,0,64,462,0,0,0,0,0,0,0,0,0,0,0,106034,2,0,2,0,0,0,24985.6,1843.3,0,0,26828.9,4,2390,228
docker-library_redis,docker build -t docker-library_redis /repositories/docker-library_redis/6.0-rc/alpine,10,true,redis,81,1,0,3,4,1,1,1,1,1,0,1,0,0,0,0,0,14,1,0,3,44,1,1,1,1,1,0,1,0,0,0,0,0,54,364,0,135591,0,0,162,0,629,0,0,4202,4685,0,0,0,0,0,0,0,0,0,16754,0,162387,0,0,1,0,0,0,9318.4,0,0,0,9318.4,1,2390,213
docker-library_ruby,docker build -t docker-library_ruby docker-library_ruby2.7alpine3.11.,10,true,language,128,1,0,6,4,0,0,0,1,0,0,0,0,0,0,0,0,12,1,0,0,9,0,3,0,4,1,0,1,0,0,0,0,0,19,0,0,0,0,4815,166,0,101117,0,0,367,471,0,0,0,0,0,0,0,0,0,0,0,106936,0,0,2,0,0,0,11673.6,128.6,0,0,11802.2,2,2390,500
docker-library_tomcat,docker build -t docker-library_tomcat docker-library_tomcat9.0jdk8corretto.,10,true,web_component,146,1,0,8,3,0,0,0,1,1,0,1,0,0,0,0,0,15,1,0,3,44,1,1,1,1,1,0,1,0,0,0,0,0,54,0,342110,0,0,0,0,0,0,0,0,315,1335,60132,0,0,0,0,0,0,0,0,0,0,403892,0,1,0,0,0,0,9318.4,0,0,0,9318.4,1,2390,484
docker-library_wordpress,docker build -t docker-library_wordpress docker-library_wordpressphp7.3apache.,10,true,application_platform,111,1,0,2,6,1,1,1,1,0,0,0,0,0,0,0,0,13,1,0,2,70,1,1,1,1,0,0,0,0,0,0,0,0,77,0,0,0,0,0,0,0,0,148,0,64,757,0,0,0,0,0,0,0,0,0,0,0,969,4,1,0,0,0,0,12083.2,0,0,0,12083.2,5,2390,752
docker-solr_docker-solr,docker build -t docker-solr_docker-solr docker-solr_docker-solr8.1.,10,true,application_platform,140,1,2,5,4,1,1,1,1,1,1,1,0,5,0,0,0,24,1,0,7,78,0,0,0,1,0,0,0,0,0,0,0,0,87,0,0,619,0,0,494,0,0,0,0,64,3262,55,0,0,0,0,0,0,0,0,0,0,4494,2,0,6,0,0,0,56.3,125,171008,0,171189.3,8,2390,756
docker_distribution-library-image,docker build -t docker_distribution-library-image distribution-library-imageamd64.,10,true,other,17,1,0,0,1,1,3,1,1,0,0,1,0,0,0,0,0,9,1,0,8,97,0,0,0,2,1,0,1,0,0,0,0,0,110,0,0,24,0,0,0,0,0,0,0,64,1568,1370,0,0,0,0,1637,0,0,0,0,0,4663,0,0,0,0,0,0,0,0,0,0,0,0,2390,22
eclipse_mosquitto,docker build -t eclipse_mosquitto eclipse_mosquittodocker1.6.,10,true,web_component,92,1,1,1,1,1,1,1,1,0,0,1,0,0,0,0,0,9,2,0,4,17,0,3,1,1,1,1,0,1,0,0,0,0,31,1716,461,164569,0,2896,10848,0,0,0,0,134,1640,5554,0,0,0,0,0,0,0,0,0,0,187818,0,0,3,0,0,0,597,597,0,0,1194,3,2390,234
erlang_docker-erlang-otp,docker build -t erlang_docker-erlang-otp erlang_docker-erlang-otp23.,10,true,language,68,1,1,2,3,0,0,0,1,0,0,0,0,0,0,0,0,8,1,1,3,54,0,0,0,1,0,0,0,0,0,0,0,0,60,51890,8061,392151,3435,733,5195,0,0,2,1493377,4327,12149,407745,0,0,9684,0,3586,0,0,0,0,72,2392407,3,3,0,0,0,0,941.5,372,180224,0,181537.5,6,2390,1147
